image	descriptor
1.jpg	"[{""label"": ""the certificate"", ""rect_box"": [0.02, 72.36, 450.02, 287.9], ""polygon"": [[449, 75], [0, 75], [0, 282], [449, 282]]}, {""label"": ""film certification"", ""rect_box"": [-0.01, 72.67, 449.98, 287.62], ""polygon"": [[449, 75], [0, 75], [0, 281], [449, 282]]}, {""label"": ""the central board"", ""rect_box"": [0.04, 72.68, 450.04, 287.41], ""polygon"": [[449, 75], [0, 75], [0, 281], [449, 282]]}]"
1136.jpg	"[{""label"": ""- a group of soldiers"", ""rect_box"": [117.88, 180.52, 166.16, 275.55], ""polygon"": [[155, 182], [143, 190], [118, 236], [119, 247], [131, 248], [130, 271], [138, 270], [137, 260], [142, 252], [149, 270], [161, 268], [153, 263], [156, 239], [151, 219], [160, 192]]}, {""label"": ""a group of soldiers"", ""rect_box"": [170.67, 189.56, 200.74, 276.97], ""polygon"": [[181, 232], [176, 237], [172, 252], [177, 256], [178, 271], [181, 272], [184, 267], [187, 266], [187, 270], [191, 273], [194, 259], [189, 246], [187, 232]]}, {""label"": ""a row of cannons"", ""rect_box"": [121.54, 174.91, 450.04, 277.29], ""polygon"": [[134, 267], [133, 268], [134, 269], [135, 269], [136, 268], [135, 267]]}, {""label"": ""traditional indian military uniforms"", ""rect_box"": [119.05, 180.72, 165.76, 274.81], ""polygon"": [[155, 182], [143, 190], [118, 236], [119, 247], [131, 248], [130, 271], [138, 270], [137, 260], [142, 252], [149, 270], [161, 268], [153, 263], [156, 239], [151, 219], [160, 192]]}, {""label"": ""traditional indian military uniforms"", ""rect_box"": [170.8, 189.95, 200.27, 276.38], ""polygon"": [[181, 232], [176, 237], [172, 252], [177, 256], [178, 271], [181, 272], [184, 267], [187, 266], [187, 270], [191, 273], [194, 259], [189, 246], [187, 232]]}, {""label"": ""a group of soldiers"", ""rect_box"": [121.88, 169.98, 157.51, 206.28], ""polygon"": [[150, 172], [144, 172], [141, 175], [141, 182], [128, 192], [123, 198], [126, 199], [136, 192], [138, 197], [145, 188], [146, 189], [150, 182], [151, 177]]}, {""label"": ""a row of cannons"", ""rect_box"": [0.07, 79.28, 122.58, 285.47], ""polygon"": [[0, 146], [0, 210], [21, 215], [32, 267], [42, 277], [79, 277], [96, 260], [107, 226], [107, 138], [78, 138], [77, 126], [62, 126], [60, 140]]}]"
1255.jpg	"[{""label"": ""a group of men"", ""rect_box"": [-0.07, 195.21, 115.85, 288.66], ""polygon"": [[0, 225], [0, 241], [45, 259], [49, 285], [92, 285], [94, 276], [112, 269], [83, 229], [82, 211], [73, 197], [62, 204], [57, 225], [49, 233], [24, 234]]}, {""label"": ""- a warrior a a group of men"", ""rect_box"": [101.33, 109.64, 273.34, 288.74], ""polygon"": [[217, 111], [198, 130], [189, 172], [161, 193], [127, 195], [107, 181], [110, 200], [144, 223], [187, 209], [191, 239], [166, 285], [259, 284], [252, 259], [267, 249], [263, 202], [238, 169], [233, 132]]}, {""label"": ""a group of men"", ""rect_box"": [255.42, 208.58, 358.21, 288.47], ""polygon"": [[257, 264], [261, 270], [283, 270], [290, 260], [294, 285], [351, 284], [353, 257], [338, 235], [331, 239], [331, 246], [323, 239], [322, 220], [314, 209], [306, 215], [299, 239]]}, {""label"": ""helmets"", ""rect_box"": [54.75, 194.84, 88.16, 228.41], ""polygon"": [[69, 197], [64, 201], [58, 213], [58, 220], [69, 218], [78, 220], [82, 223], [83, 214], [81, 207], [75, 198]]}, {""label"": ""helmets"", ""rect_box"": [300.48, 207.67, 328.56, 236.41], ""polygon"": [[312, 209], [307, 213], [303, 221], [303, 233], [306, 227], [316, 226], [321, 230], [322, 235], [323, 235], [321, 216], [317, 210]]}, {""label"": ""helmets"", ""rect_box"": [349.18, 206.04, 374.47, 233.7], ""polygon"": [[351, 220], [351, 221], [356, 220], [363, 223], [369, 222], [368, 213], [365, 209], [363, 208], [358, 208], [356, 210]]}, {""label"": ""a group of men"", ""rect_box"": [111.62, 225.43, 172.87, 288.5], ""polygon"": [[139, 229], [142, 253], [115, 271], [118, 274], [136, 271], [139, 285], [158, 284], [167, 269], [167, 257], [156, 252], [163, 229]]}, {""label"": ""a group of men"", ""rect_box"": [353.49, 211.41, 430.39, 288.41], ""polygon"": [[408, 213], [401, 214], [391, 224], [386, 252], [356, 260], [355, 284], [423, 284], [422, 261], [415, 249], [417, 231]]}, {""label"": ""helmets"", ""rect_box"": [389.27, 210.41, 421.54, 242.27], ""polygon"": [[403, 212], [391, 223], [390, 233], [391, 234], [394, 230], [405, 229], [411, 234], [413, 242], [417, 233], [415, 221], [410, 214]]}, {""label"": ""his right hand"", ""rect_box"": [100.92, 175.7, 129.89, 210.12], ""polygon"": [[99, 185]]}, {""label"": ""a group of men"", ""rect_box"": [414.58, 224.69, 449.83, 288.53], ""polygon"": [[421, 226], [418, 227], [424, 263], [424, 283], [439, 285], [444, 280], [445, 262], [444, 257], [435, 250], [442, 231]]}, {""label"": ""a group of men"", ""rect_box"": [332.54, 206.63, 383.59, 286.88], ""polygon"": [[370, 282], [369, 281], [365, 281], [365, 282], [364, 283], [356, 283], [367, 283], [368, 282], [369, 283]]}, {""label"": ""helmets"", ""rect_box"": [415.6, 224.6, 445.9, 258.27], ""polygon"": [[420, 226], [418, 227], [418, 233], [421, 249], [424, 253], [430, 253], [432, 252], [436, 242], [442, 235], [442, 231], [426, 226]]}, {""label"": ""flags"", ""rect_box"": [16.3, 187.4, 41.61, 259.15], ""polygon"": [[35, 189], [23, 219], [22, 232], [25, 233], [35, 231]]}, {""label"": ""flags"", ""rect_box"": [343.98, 169.45, 369.41, 235.02], ""polygon"": [[364, 171], [362, 171], [362, 178], [349, 210], [345, 233], [349, 232], [347, 227], [350, 225], [354, 212], [358, 207], [362, 207]]}, {""label"": ""helmets"", ""rect_box"": [195.48, 109.18, 238.22, 149.67], ""polygon"": [[213, 112], [206, 118], [198, 129], [198, 141], [199, 142], [212, 136], [221, 138], [232, 144], [233, 132], [227, 120], [220, 112]]}, {""label"": ""flags"", ""rect_box"": [269.9, 179.78, 305.55, 285.88], ""polygon"": [[272, 282], [272, 283], [273, 283], [273, 282]]}, {""label"": ""helmets"", ""rect_box"": [135.63, 225.5, 168.11, 258.71], ""polygon"": [[162, 228], [144, 228], [138, 230], [138, 236], [143, 253], [145, 255], [151, 256], [154, 254], [163, 235]]}, {""label"": ""chainmail shirt"", ""rect_box"": [185.81, 156.71, 244.78, 194.23], ""polygon"": [[238, 163], [234, 158], [231, 158], [221, 171], [215, 172], [208, 169], [201, 162], [198, 162], [189, 173], [198, 183], [215, 189], [229, 183], [236, 177]]}, {""label"": ""his right hand"", ""rect_box"": [-0.02, 219.14, 6.12, 244.35], ""polygon"": [[5, 227], [5, 228], [6, 228], [6, 227]]}, {""label"": ""flags"", ""rect_box"": [13.87, 187.31, 42.05, 286.93], ""polygon"": [[17, 253], [12, 264], [13, 280], [11, 282], [15, 285], [32, 284], [31, 279], [26, 274], [24, 258], [21, 253]]}, {""label"": ""a sword"", ""rect_box"": [95.58, 72.39, 181.44, 286.16], ""polygon"": [[155, 250]]}, {""label"": ""a sword"", ""rect_box"": [95.59, 72.42, 181.27, 211.93], ""polygon"": [[175, 74], [144, 105], [111, 174], [99, 181], [96, 195], [102, 208], [108, 199], [107, 183], [119, 181], [119, 166], [136, 128]]}, {""label"": ""helmets"", ""rect_box"": [387.77, 210.69, 422.15, 254.47], ""polygon"": [[405, 212], [397, 217], [391, 224], [389, 249], [393, 249], [396, 252], [403, 252], [409, 248], [415, 248], [415, 236], [417, 233], [415, 222], [412, 216]]}, {""label"": ""chainmail shirt"", ""rect_box"": [143.63, 166.88, 271.25, 252.09], ""polygon"": [[267, 227], [258, 187], [243, 171], [216, 191], [188, 173], [149, 199], [151, 215], [159, 223], [187, 208], [190, 250], [196, 253], [204, 239], [230, 240], [240, 248], [251, 233]]}, {""label"": ""flags"", ""rect_box"": [99.77, 159.13, 136.97, 285.22], ""polygon"": [[108, 282], [107, 283], [108, 283]]}, {""label"": ""a brown tunicmail shirt"", ""rect_box"": [143.41, 164.3, 272.31, 287.12], ""polygon"": [[253, 269], [253, 270]]}]"
1354.jpg	"[{""label"": ""- a figure medieval attire"", ""rect_box"": [42.02, 94.82, 229.97, 287.78], ""polygon"": [[183, 111], [147, 98], [117, 103], [93, 128], [90, 159], [82, 136], [54, 116], [59, 213], [50, 212], [65, 228], [54, 284], [197, 277], [198, 252], [217, 235], [217, 187]]}, {""label"": ""gloves their right hand"", ""rect_box"": [47.2, 129.36, 105.87, 217.01], ""polygon"": [[76, 132], [70, 137], [63, 132], [51, 163], [56, 181], [56, 204], [63, 214], [83, 211], [102, 201], [86, 145]]}, {""label"": ""a helmet round, reflective helmet"", ""rect_box"": [85.7, 95.58, 224.35, 218.43], ""polygon"": [[93, 128], [89, 150], [106, 217], [194, 196], [215, 198], [208, 149], [181, 110], [153, 99], [128, 99], [105, 112]]}, {""label"": "", reflective helmet"", ""rect_box"": [86.33, 95.1, 217.47, 192.16], ""polygon"": [[89, 142], [101, 182], [130, 167], [163, 160], [189, 162], [208, 155], [188, 116], [146, 98], [121, 101], [105, 112]]}, {""label"": ""a round, reflective helmet"", ""rect_box"": [87.71, 95.79, 213.87, 175.02], ""polygon"": [[207, 148], [190, 118], [146, 98], [124, 100], [105, 112], [89, 143], [100, 181], [114, 171], [144, 163], [204, 158]]}, {""label"": ""figure facial features"", ""rect_box"": [103.44, 195.96, 222.9, 286.32], ""polygon"": [[211, 207], [211, 210], [212, 209], [211, 208]]}, {""label"": ""chainmail"", ""rect_box"": [100.4, 153.57, 217.28, 186.34], ""polygon"": [[208, 155], [138, 165], [112, 172], [100, 183], [201, 166], [203, 175], [212, 174], [215, 178]]}]"
1458.jpg	"[{""label"": ""a helmet"", ""rect_box"": [109.29, 86.94, 158.39, 133.79], ""polygon"": [[134, 88], [131, 91], [131, 95], [119, 104], [112, 123], [114, 125], [120, 119], [135, 116], [145, 119], [152, 130], [154, 120], [150, 107], [138, 95], [138, 90]]}, {""label"": ""- a warrior armor"", ""rect_box"": [66.99, 87.09, 198.23, 287.59], ""polygon"": [[136, 88], [118, 106], [113, 134], [72, 204], [70, 223], [81, 213], [80, 284], [190, 281], [183, 175], [155, 138], [151, 110]]}, {""label"": ""armor"", ""rect_box"": [67.25, 87.24, 198.23, 287.53], ""polygon"": [[136, 88], [118, 106], [113, 134], [72, 204], [70, 223], [81, 213], [80, 284], [190, 281], [183, 175], [155, 138], [151, 110]]}]"
1655.jpg	"[{""label"": ""the scene"", ""rect_box"": [0.01, 1.61, 450.01, 358.01], ""polygon"": [[0, 288], [1, 358], [449, 358], [449, 287]]}, {""label"": ""woman the woman"", ""rect_box"": [215.51, 75.47, 429.34, 287.08], ""polygon"": [[271, 244]]}, {""label"": ""a gold chain necklace"", ""rect_box"": [252.84, 210.32, 324.43, 247.94], ""polygon"": [[255, 213], [268, 218], [267, 228], [272, 236], [265, 245], [271, 242], [278, 230], [290, 239], [302, 241], [312, 237], [320, 229], [319, 227], [306, 237], [294, 238], [280, 230], [278, 223], [268, 215]]}, {""label"": ""- a man the man"", ""rect_box"": [0.01, 72.57, 233.76, 286.61], ""polygon"": [[207, 280], [206, 281], [206, 282], [207, 283], [208, 282], [208, 281]]}]"
1850.jpg	"[{""label"": ""- a woman a queen or princess"", ""rect_box"": [112.85, 105.89, 256.95, 287.65], ""polygon"": [[195, 108], [177, 112], [157, 139], [139, 200], [115, 238], [125, 254], [117, 284], [210, 284], [212, 232], [233, 226], [252, 241], [241, 200], [251, 172], [234, 176], [224, 194], [196, 176], [209, 123]]}, {""label"": ""a queen or princess"", ""rect_box"": [112.94, 105.96, 257.03, 287.68], ""polygon"": [[195, 108], [177, 112], [157, 139], [139, 200], [115, 238], [125, 254], [117, 284], [210, 284], [212, 232], [233, 226], [252, 241], [241, 200], [251, 172], [234, 176], [224, 194], [196, 176], [209, 123]]}, {""label"": ""a grand fountain"", ""rect_box"": [0.14, 143.09, 95.11, 287.67], ""polygon"": [[0, 147], [0, 284], [85, 282], [79, 194], [53, 166], [24, 163]]}, {""label"": ""a queen a white and gold wedding dress"", ""rect_box"": [112.83, 106.27, 256.42, 287.46], ""polygon"": [[195, 108], [177, 112], [157, 139], [139, 200], [115, 238], [125, 254], [117, 284], [210, 284], [212, 232], [233, 226], [252, 241], [241, 200], [251, 172], [234, 176], [224, 194], [196, 176], [209, 123]]}, {""label"": ""a grand fountain"", ""rect_box"": [356.92, 144.61, 450.01, 287.71], ""polygon"": [[446, 151], [434, 149], [430, 156], [393, 166], [384, 182], [371, 180], [363, 234], [369, 284], [449, 284]]}, {""label"": ""a veil"", ""rect_box"": [143.74, 105.92, 213.56, 179.55], ""polygon"": [[197, 171], [196, 172], [195, 172], [194, 173], [193, 172], [189, 172], [192, 175], [193, 175], [194, 176], [194, 175], [196, 173], [196, 172]]}, {""label"": ""a white and gold wedding dress"", ""rect_box"": [113.15, 170.09, 242.3, 287.48], ""polygon"": [[222, 199], [216, 204], [212, 215], [214, 216], [217, 213], [219, 216], [221, 216], [216, 228], [232, 229], [235, 227], [234, 218], [228, 207], [228, 202], [225, 199]]}, {""label"": ""a grand fountain"", ""rect_box"": [0.02, 141.0, 450.02, 287.89], ""polygon"": [[331, 282], [332, 282]]}]"
2058.jpg	"[{""label"": ""the scene"", ""rect_box"": [1.56, 4.04, 448.08, 355.66], ""polygon"": [[0, 287], [1, 358], [449, 357], [445, 293]]}, {""label"": ""- a man"", ""rect_box"": [49.71, 78.93, 268.88, 287.13], ""polygon"": [[209, 89], [177, 81], [142, 102], [124, 180], [144, 200], [143, 239], [53, 284], [259, 284], [217, 251], [234, 163], [227, 114]]}, {""label"": ""white shirt"", ""rect_box"": [49.54, 244.19, 265.76, 287.38], ""polygon"": [[52, 283], [221, 285], [227, 283], [225, 270], [235, 285], [261, 285], [232, 269], [220, 253], [199, 276], [165, 278], [148, 266], [138, 246]]}, {""label"": ""ear"", ""rect_box"": [121.81, 154.56, 144.52, 199.18], ""polygon"": [[128, 156], [125, 157], [124, 163], [126, 185], [131, 188], [135, 197], [139, 197], [142, 194], [141, 161], [138, 158]]}, {""label"": ""beard"", ""rect_box"": [143.44, 179.46, 233.09, 238.19], ""polygon"": [[143, 188], [150, 222], [173, 236], [202, 236], [219, 223], [230, 194], [229, 184], [222, 192], [208, 182], [197, 181], [180, 185], [169, 195], [146, 180]]}, {""label"": ""the man"", ""rect_box"": [121.9, 79.52, 240.27, 240.01], ""polygon"": [[211, 229]]}]"
2296.jpg	"[{""label"": ""a horse the horse"", ""rect_box"": [187.33, 128.44, 449.84, 288.35], ""polygon"": [[200, 282], [201, 283], [202, 283], [203, 284], [204, 283], [207, 283], [208, 282], [207, 281], [201, 281]]}, {""label"": ""traditional turbans"", ""rect_box"": [-0.01, 117.5, 21.42, 154.61], ""polygon"": [[4, 120], [0, 120], [0, 133], [3, 134], [0, 136], [0, 152], [5, 151], [8, 148], [15, 146], [18, 143], [18, 140], [14, 136], [15, 135], [14, 127]]}, {""label"": ""the scene"", ""rect_box"": [-0.02, 3.03, 449.93, 357.78], ""polygon"": [[0, 287], [1, 358], [449, 358], [449, 287]]}, {""label"": ""traditional turbans"", ""rect_box"": [22.22, 147.62, 51.46, 168.16], ""polygon"": [[24, 156], [25, 161], [27, 159], [35, 156], [41, 157], [43, 159], [43, 164], [44, 165], [47, 163], [48, 160], [47, 156], [41, 150], [35, 150], [34, 149], [31, 150]]}, {""label"": ""the scene"", ""rect_box"": [0.03, 71.32, 450.01, 289.44], ""polygon"": [[35, 155], [36, 156], [37, 155], [38, 155], [39, 156], [40, 155]]}, {""label"": ""weapon"", ""rect_box"": [24.51, 181.97, 44.51, 233.52], ""polygon"": [[39, 186], [37, 187], [34, 197], [35, 204], [27, 207], [27, 225], [29, 230], [35, 228], [35, 218], [39, 210], [37, 206], [40, 195]]}, {""label"": ""a man rider"", ""rect_box"": [177.32, 73.51, 290.05, 189.59], ""polygon"": [[225, 134], [224, 133], [223, 134]]}, {""label"": ""people"", ""rect_box"": [5.49, 147.46, 56.72, 277.51], ""polygon"": [[5, 211], [4, 211], [4, 212], [2, 215], [2, 216], [4, 218], [4, 219], [1, 222], [2, 223], [4, 223], [4, 222], [5, 221], [5, 219], [6, 218], [6, 214], [5, 213], [6, 212]]}, {""label"": ""traditional turbans"", ""rect_box"": [106.55, 210.95, 123.63, 223.65], ""polygon"": [[109, 214], [109, 220], [117, 220], [118, 219], [120, 219], [120, 218], [121, 217], [120, 216], [120, 214], [119, 214], [118, 213], [110, 213]]}]"
2447.jpg	"[{""label"": ""- a woman"", ""rect_box"": [223.54, 86.87, 343.28, 286.89], ""polygon"": [[256, 88], [227, 110], [240, 166], [233, 180], [330, 249], [312, 284], [339, 284], [334, 217], [312, 186], [273, 169], [282, 115]]}, {""label"": ""a detailed, patterned cloak"", ""rect_box"": [0.19, 162.9, 336.13, 287.13], ""polygon"": [[221, 272], [221, 273], [222, 273], [222, 272]]}, {""label"": ""the setting"", ""rect_box"": [0.02, 71.4, 450.02, 289.02], ""polygon"": [[134, 75], [0, 75], [0, 242], [69, 189], [115, 165], [135, 125]]}, {""label"": ""the setting"", ""rect_box"": [0.03, 2.22, 450.03, 358.23], ""polygon"": [[449, 285], [1, 287], [0, 357], [449, 358]]}, {""label"": ""a man armor"", ""rect_box"": [-0.09, 72.2, 340.27, 287.5], ""polygon"": [[334, 254], [334, 255], [336, 255], [336, 254]]}, {""label"": ""yellow purple sari"", ""rect_box"": [226.7, 172.34, 343.77, 286.8], ""polygon"": [[338, 283]]}, {""label"": ""a helmet"", ""rect_box"": [241.31, 86.08, 282.88, 117.37], ""polygon"": [[255, 88], [247, 104], [248, 105], [251, 101], [253, 104], [255, 103], [265, 105], [272, 108], [282, 119], [280, 110], [273, 100], [265, 97], [262, 94], [260, 88]]}, {""label"": ""a detailed, patterned cloak"", ""rect_box"": [-0.3, 132.08, 338.87, 287.88], ""polygon"": [[331, 278], [331, 279], [332, 279], [332, 278]]}]"
2650.jpg	"[{""label"": ""- a muscular man"", ""rect_box"": [164.73, 94.16, 269.15, 287.39], ""polygon"": [[233, 96], [218, 101], [217, 132], [188, 148], [167, 186], [190, 226], [201, 209], [214, 216], [209, 231], [183, 235], [186, 284], [230, 283], [246, 188], [251, 280], [261, 268], [263, 163], [239, 138], [244, 114]]}, {""label"": ""tall columns"", ""rect_box"": [7.79, 72.38, 56.78, 287.67], ""polygon"": [[16, 74], [10, 267], [15, 284], [46, 284], [52, 263], [46, 76]]}, {""label"": ""tall columns"", ""rect_box"": [412.52, 72.49, 449.96, 287.53], ""polygon"": [[423, 74], [415, 266], [422, 283], [449, 284], [449, 74]]}, {""label"": ""tall columns"", ""rect_box"": [88.8, 74.86, 133.6, 276.55], ""polygon"": [[98, 75], [91, 76], [99, 99], [101, 211], [112, 224], [114, 267], [121, 267], [128, 76]]}]"
283.jpg	"[{""label"": ""a white shirt"", ""rect_box"": [103.1, 222.34, 355.1, 288.26], ""polygon"": [[105, 281], [350, 284], [336, 266], [296, 255], [264, 228], [229, 260], [192, 227]]}, {""label"": ""- a bald man"", ""rect_box"": [102.93, 87.44, 355.35, 288.04], ""polygon"": [[350, 282], [261, 224], [259, 189], [276, 156], [264, 114], [232, 89], [190, 120], [179, 166], [196, 194], [190, 230], [106, 280]]}, {""label"": ""a chandelier"", ""rect_box"": [-0.02, 107.94, 118.99, 248.71], ""polygon"": [[53, 221], [54, 229], [59, 234], [65, 234], [71, 230], [77, 233], [88, 230], [91, 237], [97, 240], [109, 237], [113, 229], [109, 219], [99, 220], [89, 226], [86, 219], [80, 215], [70, 219], [60, 216]]}]"
2880.jpg	"[{""label"": ""- a woman"", ""rect_box"": [203.51, 163.38, 286.14, 276.78], ""polygon"": [[257, 223], [257, 224]]}, {""label"": ""a white dress"", ""rect_box"": [203.48, 170.24, 279.12, 276.31], ""polygon"": [[250, 216]]}, {""label"": ""a doorway"", ""rect_box"": [190.91, 107.94, 315.26, 274.18], ""polygon"": [[215, 271], [237, 271]]}]"
3163.jpg	"[{""label"": ""- a woman"", ""rect_box"": [194.79, 144.08, 267.51, 279.64], ""polygon"": [[238, 265], [238, 266], [237, 267], [237, 268], [238, 269], [238, 270], [240, 270], [240, 269], [239, 268], [239, 267], [238, 266]]}, {""label"": ""noblewoman"", ""rect_box"": [194.94, 144.2, 267.4, 279.48], ""polygon"": [[238, 266], [237, 267], [237, 268], [238, 269], [238, 270], [240, 270], [240, 269], [239, 268], [239, 267]]}, {""label"": ""a throne"", ""rect_box"": [177.19, 215.31, 320.42, 288.21], ""polygon"": [[274, 264], [275, 265], [275, 264]]}, {""label"": ""intricate pillars"", ""rect_box"": [313.45, 73.59, 368.65, 278.6], ""polygon"": [[328, 75], [327, 226], [317, 268], [320, 275], [355, 275], [351, 258], [361, 251], [366, 76]]}, {""label"": ""a queen"", ""rect_box"": [194.84, 144.11, 267.44, 279.55], ""polygon"": [[238, 266], [237, 267], [237, 268], [238, 269], [238, 270], [240, 270], [240, 269], [239, 268], [239, 267]]}, {""label"": ""ornate glass panels"", ""rect_box"": [0.11, 73.68, 127.35, 226.49], ""polygon"": [[7, 112], [7, 114], [8, 114], [9, 113], [10, 113], [11, 114], [11, 112], [10, 113], [9, 113], [8, 112]]}, {""label"": ""a room"", ""rect_box"": [0.09, 72.16, 450.05, 287.9], ""polygon"": [[202, 271], [203, 271]]}, {""label"": ""gold decorations"", ""rect_box"": [0.16, 72.12, 450.07, 286.63], ""polygon"": [[202, 271]]}, {""label"": ""intricate pillars"", ""rect_box"": [314.22, 73.66, 355.81, 278.26], ""polygon"": [[328, 75], [327, 222], [317, 268], [321, 275], [354, 275], [349, 76]]}]"
3337.jpg	"[{""label"": ""a group of women"", ""rect_box"": [110.61, 121.74, 235.49, 287.41], ""polygon"": [[241, 220]]}, {""label"": ""a group of women"", ""rect_box"": [215.26, 120.35, 449.74, 287.37], ""polygon"": [[280, 282]]}, {""label"": ""ornate decorations"", ""rect_box"": [140.51, 72.98, 176.19, 110.45], ""polygon"": [[170, 74], [147, 74], [141, 76], [141, 84], [144, 94], [147, 99], [156, 106], [165, 102], [171, 94], [172, 80]]}, {""label"": ""ornate decorations"", ""rect_box"": [329.68, 72.55, 365.24, 96.42], ""polygon"": [[332, 75], [334, 80], [334, 85], [338, 89], [348, 93], [356, 87], [360, 81], [360, 78], [357, 74], [333, 74]]}, {""label"": ""a group of women"", ""rect_box"": [214.23, 120.41, 354.96, 287.58], ""polygon"": [[319, 241], [319, 242]]}, {""label"": ""a high ceiling"", ""rect_box"": [1.08, 72.79, 449.69, 141.22], ""polygon"": [[322, 130]]}, {""label"": ""a group of women"", ""rect_box"": [43.21, 183.52, 131.79, 286.93], ""polygon"": [[90, 194], [75, 207], [69, 233], [46, 251], [51, 264], [72, 266], [79, 284], [84, 283], [87, 269], [112, 266], [129, 254], [127, 241], [113, 229], [119, 211], [111, 222], [90, 225], [94, 208]]}, {""label"": ""a large, opulent room"", ""rect_box"": [1.23, 73.18, 449.42, 287.82], ""polygon"": [[0, 75], [0, 284], [449, 283], [449, 75]]}, {""label"": ""ornate decorations"", ""rect_box"": [198.73, 73.35, 304.38, 109.04], ""polygon"": [[201, 93], [202, 104], [299, 98], [299, 84], [283, 80], [275, 74], [235, 74], [227, 77], [223, 85], [212, 85]]}]"
3541.jpg	"[{""label"": ""- a man an indian outfit"", ""rect_box"": [162.66, 73.31, 355.54, 287.67], ""polygon"": [[285, 74], [249, 96], [257, 138], [213, 145], [178, 168], [182, 232], [169, 283], [349, 284], [313, 228], [314, 167], [287, 142], [308, 112]]}, {""label"": ""an indian outfit"", ""rect_box"": [162.85, 137.19, 354.82, 287.49], ""polygon"": [[179, 168], [178, 228], [191, 220], [199, 178], [226, 169], [225, 220], [204, 224], [204, 247], [179, 235], [172, 283], [349, 284], [311, 227], [307, 154], [286, 146], [269, 159], [256, 139], [235, 139]]}, {""label"": ""an indian outfit"", ""rect_box"": [162.6, 73.55, 355.63, 287.57], ""polygon"": [[285, 74], [249, 96], [257, 138], [213, 145], [178, 168], [182, 232], [169, 283], [349, 284], [313, 228], [314, 167], [287, 142], [307, 107]]}]"
3773.jpg	"[{""label"": ""white, floor - length dress her white dress"", ""rect_box"": [276.99, 72.9, 449.95, 252.55], ""polygon"": [[287, 75], [278, 131], [309, 178], [418, 240], [449, 247], [449, 75]]}, {""label"": ""a red bag or purse bag"", ""rect_box"": [120.59, 128.78, 281.33, 239.82], ""polygon"": [[135, 147], [127, 231], [269, 233], [276, 216], [254, 212], [254, 198], [230, 175], [201, 172], [199, 186], [178, 184], [190, 171], [187, 156], [212, 150], [211, 134], [153, 138]]}, {""label"": ""a woman woman"", ""rect_box"": [186.62, 72.72, 449.98, 253.66], ""polygon"": [[188, 180], [189, 180]]}, {""label"": ""a dimly lit room the image image"", ""rect_box"": [-0.05, 1.22, 449.95, 358.41], ""polygon"": [[0, 287], [1, 358], [449, 358], [449, 286]]}, {""label"": ""a vibrant red rug"", ""rect_box"": [-0.01, 197.2, 449.99, 286.71], ""polygon"": [[0, 202], [0, 284], [449, 284], [449, 250], [360, 207], [292, 207], [251, 239], [135, 237], [122, 207]]}, {""label"": ""gold jewelry"", ""rect_box"": [222.04, 151.43, 315.26, 220.63], ""polygon"": [[315, 189], [297, 165], [260, 190], [236, 171], [225, 169], [254, 196], [250, 207], [262, 215], [285, 209], [308, 182], [310, 193]]}, {""label"": ""the wall"", ""rect_box"": [0.41, 73.89, 284.46, 159.93], ""polygon"": [[0, 162], [131, 167], [139, 130], [215, 131], [225, 103], [240, 113], [276, 108], [283, 76], [0, 75]]}]"
3973.jpg	"[{""label"": ""- a woman dark attire"", ""rect_box"": [126.93, 101.41, 302.14, 289.26], ""polygon"": [[188, 107], [135, 243], [129, 284], [301, 284], [232, 118], [206, 103]]}, {""label"": ""serious and contemplative expression"", ""rect_box"": [177.39, 134.85, 233.7, 200.59], ""polygon"": [[207, 122], [190, 126], [177, 148], [181, 184], [190, 198], [201, 201], [224, 192], [230, 169], [226, 137], [216, 125]]}, {""label"": ""dark attire"", ""rect_box"": [126.93, 101.67, 301.84, 289.19], ""polygon"": [[188, 107], [135, 243], [129, 284], [301, 284], [232, 118], [206, 103]]}, {""label"": ""serious and contemplative expression"", ""rect_box"": [175.1, 121.38, 235.39, 204.05], ""polygon"": [[224, 201]]}]"
4203.jpg	"[{""label"": ""a long beard"", ""rect_box"": [192.53, 136.11, 254.76, 201.45], ""polygon"": [[248, 136], [243, 148], [230, 155], [217, 155], [213, 150], [206, 155], [198, 148], [200, 180], [212, 197], [228, 198], [242, 192], [251, 151]]}, {""label"": ""a red robe"", ""rect_box"": [111.11, 158.64, 344.93, 288.04], ""polygon"": [[114, 281], [339, 284], [293, 181], [272, 163], [221, 204], [210, 203], [184, 162], [164, 169]]}, {""label"": ""a crown"", ""rect_box"": [175.98, 72.96, 251.05, 125.59], ""polygon"": [[177, 96], [178, 107], [185, 121], [189, 123], [196, 121], [208, 110], [229, 107], [243, 116], [246, 112], [245, 102], [235, 84], [220, 74], [204, 74], [194, 78]]}, {""label"": ""a throne wood"", ""rect_box"": [46.89, 153.74, 413.35, 288.6], ""polygon"": [[273, 285]]}, {""label"": ""a crown"", ""rect_box"": [176.06, 73.1, 251.05, 125.41], ""polygon"": [[177, 96], [178, 107], [185, 121], [189, 123], [196, 121], [208, 110], [229, 107], [243, 116], [246, 112], [245, 102], [235, 84], [220, 74], [204, 74], [194, 78]]}, {""label"": ""a chandelier"", ""rect_box"": [108.05, 140.85, 153.0, 191.48], ""polygon"": [[151, 169], [152, 169]]}, {""label"": ""- a man"", ""rect_box"": [111.06, 73.62, 345.31, 288.23], ""polygon"": [[188, 82], [177, 101], [194, 136], [190, 155], [155, 177], [114, 284], [339, 284], [290, 176], [252, 142], [234, 83], [218, 74]]}, {""label"": ""a chandelier"", ""rect_box"": [305.98, 143.49, 350.25, 187.65], ""polygon"": [[315, 169], [315, 170], [314, 171], [314, 174], [315, 175], [315, 176], [316, 177], [316, 178], [317, 179], [318, 179], [318, 178], [319, 177], [319, 172], [318, 171], [318, 170], [317, 169]]}, {""label"": ""a mirror"", ""rect_box"": [110.46, 72.65, 345.88, 190.0], ""polygon"": [[229, 76], [246, 99], [249, 130], [264, 151], [303, 164], [310, 160], [323, 177], [327, 144], [333, 178], [333, 161], [343, 163], [339, 75]]}, {""label"": ""wood"", ""rect_box"": [47.12, 154.37, 413.17, 288.41], ""polygon"": [[273, 285]]}]"
4373.jpg	"[{""label"": ""a group of people"", ""rect_box"": [-0.0, 141.17, 449.99, 274.25], ""polygon"": [[431, 205]]}, {""label"": ""a group of people"", ""rect_box"": [193.56, 156.35, 262.4, 275.46], ""polygon"": [[203, 245], [203, 249], [204, 249], [203, 248]]}, {""label"": ""white and red"", ""rect_box"": [198.84, 169.78, 254.97, 245.62], ""polygon"": [[223, 159], [203, 185], [216, 187], [211, 215], [219, 229], [225, 258], [230, 230], [244, 229], [235, 183], [245, 186], [248, 180], [232, 171]]}, {""label"": ""a group of people"", ""rect_box"": [278.3, 169.02, 328.65, 258.83], ""polygon"": [[302, 171], [301, 184], [293, 189], [281, 208], [296, 201], [295, 219], [301, 225], [306, 252], [313, 255], [319, 245], [321, 230], [316, 211], [324, 204], [311, 184], [309, 172]]}, {""label"": ""a group of people"", ""rect_box"": [331.44, 162.3, 376.77, 260.16], ""polygon"": [[348, 164], [344, 167], [345, 176], [337, 186], [334, 209], [339, 212], [347, 243], [353, 245], [358, 255], [369, 246], [369, 228], [363, 214], [367, 200], [361, 181], [357, 178], [357, 167]]}, {""label"": ""a tent"", ""rect_box"": [-0.02, 72.23, 449.98, 279.39], ""polygon"": [[36, 194]]}, {""label"": ""a group of people"", ""rect_box"": [240.36, 170.76, 288.26, 259.95], ""polygon"": [[266, 172], [263, 174], [264, 183], [241, 205], [259, 199], [258, 213], [264, 230], [266, 253], [274, 257], [274, 208], [284, 198], [272, 183], [272, 174]]}, {""label"": ""white and red"", ""rect_box"": [332.69, 177.54, 374.55, 243.68], ""polygon"": [[346, 167], [351, 170], [338, 184], [334, 208], [339, 211], [347, 241], [353, 244], [356, 252], [369, 245], [369, 228], [363, 215], [366, 200], [361, 182], [357, 179], [355, 166]]}, {""label"": ""a group of people"", ""rect_box"": [101.75, 170.83, 151.82, 253.44], ""polygon"": [[121, 172], [119, 184], [110, 197], [113, 196], [117, 204], [107, 217], [119, 223], [120, 249], [124, 249], [136, 218], [136, 208], [141, 209], [141, 214], [141, 209], [145, 208], [130, 184], [129, 177]]}, {""label"": ""a group of people"", ""rect_box"": [150.29, 168.99, 195.59, 250.11], ""polygon"": [[190, 190], [190, 191]]}, {""label"": ""white and red"", ""rect_box"": [102.77, 181.86, 148.71, 252.15], ""polygon"": [[141, 213]]}, {""label"": ""white and red"", ""rect_box"": [281.39, 182.68, 327.79, 256.63], ""polygon"": [[303, 171], [302, 183], [293, 189], [281, 209], [292, 200], [297, 201], [295, 219], [301, 224], [306, 252], [313, 255], [319, 245], [321, 230], [316, 211], [323, 204], [311, 185], [309, 172]]}, {""label"": ""white and red"", ""rect_box"": [152.43, 169.24, 194.48, 247.27], ""polygon"": [[168, 171], [161, 208], [150, 228], [158, 245], [163, 232], [169, 250], [173, 250], [182, 228], [183, 242], [187, 242], [195, 199], [190, 190], [183, 192], [177, 187], [176, 174]]}, {""label"": ""white and red"", ""rect_box"": [193.71, 156.68, 261.58, 275.15], ""polygon"": [[203, 245], [203, 248]]}]"
4492.jpg	"[{""label"": ""red headgear red turbans - like head coverings"", ""rect_box"": [-0.0, 128.42, 32.34, 175.06], ""polygon"": [[4, 131], [0, 131], [0, 169], [10, 166], [29, 149], [28, 144], [18, 137]]}, {""label"": ""red headgear red turbans - like head coverings"", ""rect_box"": [142.21, 178.53, 166.06, 200.64], ""polygon"": [[146, 180], [146, 191], [145, 192], [145, 195], [151, 196], [152, 197], [153, 196], [155, 196], [157, 194], [159, 194], [162, 191], [162, 186], [159, 182], [153, 182], [152, 181]]}, {""label"": ""white pants long white pants"", ""rect_box"": [100.99, 211.58, 158.82, 277.87], ""polygon"": [[104, 260]]}, {""label"": ""the scene the scene"", ""rect_box"": [-0.04, 2.15, 449.96, 358.21], ""polygon"": [[0, 287], [1, 358], [449, 358], [446, 287]]}, {""label"": ""[ group of men the individuals"", ""rect_box"": [176.77, 176.88, 290.89, 287.42], ""polygon"": [[187, 179], [173, 241], [197, 217], [188, 283], [196, 283], [204, 251], [239, 258], [254, 249], [277, 283], [285, 283], [270, 232], [279, 231], [249, 196], [223, 180]]}, {""label"": ""black tops dark tops"", ""rect_box"": [338.13, 179.22, 393.08, 244.5], ""polygon"": [[356, 182], [353, 186], [350, 206], [341, 217], [341, 227], [351, 236], [365, 241], [386, 237], [389, 234], [389, 227], [377, 191], [367, 183]]}, {""label"": ""[ group of men the individuals"", ""rect_box"": [53.43, 165.03, 164.45, 285.53], ""polygon"": [[69, 212], [67, 212], [66, 213], [67, 214], [67, 215], [69, 213]]}, {""label"": ""black tops dark tops"", ""rect_box"": [73.9, 177.14, 120.66, 222.87], ""polygon"": [[84, 179], [73, 205], [80, 208], [83, 213], [88, 212], [92, 214], [94, 219], [98, 220], [110, 212], [116, 194], [105, 183], [97, 180]]}, {""label"": ""traditional indian attire"", ""rect_box"": [176.71, 177.16, 291.22, 287.18], ""polygon"": [[187, 179], [173, 241], [197, 217], [188, 283], [196, 283], [204, 251], [239, 258], [254, 249], [277, 283], [285, 283], [270, 232], [279, 231], [249, 196], [223, 180]]}, {""label"": ""[ group of men the individuals"", ""rect_box"": [0.01, 128.76, 57.47, 287.26], ""polygon"": [[32, 281], [32, 283], [42, 283], [42, 281], [40, 281], [39, 282], [38, 281], [37, 281], [36, 282], [35, 282], [34, 281]]}, {""label"": ""red headgear red turbans - like heads"", ""rect_box"": [53.11, 164.08, 84.05, 183.31], ""polygon"": [[82, 176], [82, 174], [80, 172], [80, 168], [78, 166], [77, 167], [56, 167], [55, 168], [56, 174], [63, 180], [70, 175], [73, 175], [75, 177]]}, {""label"": ""black tops"", ""rect_box"": [273.11, 187.54, 319.0, 227.56], ""polygon"": [[280, 190], [277, 212], [281, 216], [283, 225], [289, 227], [296, 222], [311, 224], [315, 209], [312, 192], [306, 189], [297, 193], [288, 187]]}, {""label"": ""red headgear red turbans - like head"", ""rect_box"": [286.56, 169.74, 315.11, 190.99], ""polygon"": [[289, 173], [290, 180], [293, 182], [293, 187], [295, 190], [302, 190], [306, 188], [311, 183], [312, 173], [305, 173], [304, 172], [290, 172]]}, {""label"": ""white pants long white pants"", ""rect_box"": [69.25, 212.55, 101.33, 269.21], ""polygon"": [[89, 213], [84, 215], [73, 237], [73, 242], [79, 244], [85, 234], [88, 234], [77, 259], [77, 263], [81, 264], [87, 262], [89, 244], [98, 226], [93, 215]]}, {""label"": ""a circular structure a central structure a chandelier or decorative element"", ""rect_box"": [176.06, 73.18, 272.82, 149.45], ""polygon"": [[227, 143], [227, 148]]}, {""label"": ""the scene the scene"", ""rect_box"": [0.1, 73.5, 450.1, 288.02], ""polygon"": [[449, 176]]}, {""label"": ""red headgear"", ""rect_box"": [351.23, 165.09, 377.61, 184.25], ""polygon"": [[358, 167], [358, 171], [356, 173], [356, 175], [355, 176], [358, 180], [362, 180], [366, 182], [368, 181], [369, 177], [374, 173], [374, 170], [372, 169], [369, 169], [365, 167]]}, {""label"": ""traditional indian attire"", ""rect_box"": [53.66, 165.24, 164.41, 285.0], ""polygon"": [[68, 212], [68, 213], [69, 213], [69, 212]]}, {""label"": ""black red headgear"", ""rect_box"": [178.51, 176.82, 209.16, 201.64], ""polygon"": [[187, 174], [186, 179], [183, 182], [181, 188], [181, 194], [183, 196], [188, 194], [203, 196], [206, 189], [204, 187], [204, 181], [192, 180], [189, 174]]}, {""label"": ""a circular structure a central structure a chandelier"", ""rect_box"": [174.42, 72.83, 274.17, 170.28], ""polygon"": [[176, 76], [178, 94], [213, 142], [204, 144], [202, 165], [224, 166], [235, 138], [263, 108], [269, 78], [260, 83], [252, 75]]}, {""label"": ""white pants white pants"", ""rect_box"": [254.37, 240.54, 289.9, 282.21], ""polygon"": [[283, 282], [282, 283], [283, 283]]}, {""label"": ""traditional indian attire"", ""rect_box"": [0.02, 129.04, 57.24, 287.1], ""polygon"": [[42, 282], [41, 281], [40, 281], [39, 282], [38, 281], [37, 281], [36, 282], [32, 282], [32, 283], [42, 283]]}, {""label"": ""red headgear red turbans -"", ""rect_box"": [240.48, 178.98, 265.73, 194.74], ""polygon"": [[242, 182], [242, 184], [246, 191], [249, 191], [250, 190], [257, 190], [263, 184], [263, 182], [254, 182], [253, 181], [245, 181], [244, 182]]}, {""label"": ""wooden beams"", ""rect_box"": [377.68, 84.88, 450.07, 135.58], ""polygon"": [[435, 102], [427, 99], [385, 123], [379, 129], [384, 131], [406, 116]]}, {""label"": ""[ group of men the individuals"", ""rect_box"": [138.16, 179.24, 190.02, 267.26], ""polygon"": [[147, 181], [140, 224], [144, 245], [151, 260], [157, 261], [164, 254], [166, 264], [175, 264], [178, 250], [170, 239], [182, 215], [182, 199], [163, 193], [160, 183]]}, {""label"": ""[ group of men the individuals"", ""rect_box"": [308.69, 166.29, 400.27, 286.27], ""polygon"": [[356, 168], [313, 177], [325, 193], [311, 249], [321, 283], [370, 282], [389, 276], [396, 255], [378, 193], [362, 180], [366, 174], [355, 175]]}, {""label"": ""red headgear red turbans - like head"", ""rect_box"": [374.45, 168.75, 414.19, 198.21], ""polygon"": [[376, 172], [379, 183], [383, 191], [387, 194], [393, 194], [401, 191], [409, 183], [409, 177], [406, 174], [398, 172], [383, 171]]}, {""label"": ""traditional indian attire"", ""rect_box"": [138.32, 179.55, 189.8, 267.01], ""polygon"": [[147, 181], [140, 224], [144, 245], [151, 260], [157, 261], [164, 254], [166, 264], [175, 264], [178, 250], [170, 239], [182, 215], [182, 199], [163, 193], [160, 183]]}, {""label"": ""##gear red turbans - like heads"", ""rect_box"": [408.79, 217.02, 450.02, 272.53], ""polygon"": [[413, 224], [410, 232], [419, 243], [421, 249], [440, 265], [449, 268], [449, 220]]}, {""label"": ""traditional indian attire"", ""rect_box"": [308.87, 166.47, 399.83, 285.87], ""polygon"": [[355, 168], [313, 177], [325, 193], [311, 249], [321, 283], [370, 282], [389, 276], [396, 255], [378, 193], [362, 180], [367, 175], [355, 175]]}, {""label"": ""wooden beams"", ""rect_box"": [-0.02, 76.97, 90.52, 91.75], ""polygon"": [[0, 80], [0, 85], [86, 87], [85, 83]]}, {""label"": ""red headgear red turbans - like head coverings"", ""rect_box"": [310.16, 166.06, 361.24, 202.13], ""polygon"": [[358, 168], [354, 167], [347, 170], [320, 172], [313, 174], [312, 181], [330, 197], [338, 197], [348, 192]]}, {""label"": ""wooden beams"", ""rect_box"": [353.16, 95.28, 388.97, 174.14], ""polygon"": [[356, 96], [353, 98], [358, 164], [370, 168], [383, 168], [383, 134], [378, 128], [378, 111], [368, 98]]}, {""label"": ""black tops"", ""rect_box"": [141.39, 191.82, 186.45, 225.92], ""polygon"": [[182, 199], [173, 194], [162, 193], [161, 202], [155, 207], [151, 199], [145, 196], [142, 202], [141, 227], [151, 231], [160, 220], [169, 219], [176, 225], [183, 210]]}]"
4667.jpg	"[{""label"": ""- a woman a purple and gold outfit"", ""rect_box"": [222.36, 73.14, 417.72, 287.1], ""polygon"": [[267, 232], [271, 232]]}, {""label"": ""they"", ""rect_box"": [2.74, 70.2, 422.13, 287.76], ""polygon"": [[49, 130], [49, 131], [50, 131], [50, 130]]}, {""label"": ""a man"", ""rect_box"": [0.53, 73.14, 264.85, 287.11], ""polygon"": [[27, 77], [23, 128], [71, 139], [51, 180], [60, 196], [2, 284], [270, 283], [224, 198], [185, 195], [199, 155], [195, 75]]}, {""label"": ""the face"", ""rect_box"": [224.6, 113.35, 306.41, 231.05], ""polygon"": [[273, 203], [270, 204], [265, 214], [260, 218], [257, 227], [252, 229], [254, 235], [262, 236], [266, 233], [277, 232], [277, 225], [273, 217]]}, {""label"": ""jewelry"", ""rect_box"": [234.92, 174.26, 276.11, 228.84], ""polygon"": [[259, 176], [254, 177], [264, 180], [269, 188], [268, 196], [260, 204], [251, 206], [243, 187], [238, 195], [238, 210], [249, 231], [258, 225], [260, 217], [272, 201], [268, 182]]}, {""label"": ""a man"", ""rect_box"": [3.67, 73.38, 219.21, 286.89], ""polygon"": [[82, 278], [83, 279], [83, 278]]}, {""label"": ""a headpiece"", ""rect_box"": [224.83, 74.47, 351.14, 239.65], ""polygon"": [[255, 232], [255, 233]]}]"
485.jpg	"[{""label"": ""other similarly dressed individuals"", ""rect_box"": [0.37, 170.5, 105.2, 287.64], ""polygon"": [[39, 173], [21, 203], [24, 229], [36, 250], [11, 260], [1, 284], [87, 285], [96, 281], [97, 273], [99, 280], [104, 278], [100, 260], [67, 240], [67, 204], [56, 177]]}, {""label"": ""other similarly dressed individuals"", ""rect_box"": [148.64, 159.24, 219.07, 280.76], ""polygon"": [[203, 161], [192, 162], [167, 189], [164, 216], [175, 239], [159, 247], [152, 259], [155, 267], [171, 274], [182, 274], [192, 231], [212, 210], [214, 181], [210, 166]]}, {""label"": ""other similarly dressed individuals women"", ""rect_box"": [89.33, 185.13, 179.15, 287.74], ""polygon"": [[118, 188], [94, 222], [97, 253], [110, 271], [104, 283], [164, 285], [170, 276], [152, 269], [145, 257], [152, 204], [143, 192]]}, {""label"": ""her hair"", ""rect_box"": [216.67, 77.69, 293.65, 152.73], ""polygon"": [[217, 108], [214, 128], [220, 134], [231, 121], [253, 118], [275, 135], [281, 147], [290, 138], [287, 114], [267, 80], [255, 81], [249, 89], [228, 97]]}, {""label"": ""bun a gold bindi"", ""rect_box"": [248.8, 76.76, 280.09, 100.14], ""polygon"": [[251, 86], [251, 89], [258, 89], [259, 90], [267, 91], [276, 96], [272, 84], [266, 79], [258, 79]]}, {""label"": ""the woman ' s traditional dress orange green sari her attire"", ""rect_box"": [182.63, 190.75, 357.5, 287.34], ""polygon"": [[211, 283], [212, 283]]}, {""label"": ""gold earrings"", ""rect_box"": [243.97, 158.29, 258.36, 184.27], ""polygon"": [[251, 160], [248, 160], [247, 161], [247, 178], [245, 180], [248, 182], [253, 179], [255, 175], [255, 171], [256, 170], [253, 161]]}, {""label"": ""traditional indian attire she the woman ' s traditional dress"", ""rect_box"": [182.17, 77.84, 358.76, 287.46], ""polygon"": [[259, 79], [216, 111], [241, 197], [195, 228], [184, 284], [351, 284], [345, 217], [287, 189], [288, 119]]}, {""label"": ""a long neck chain gold necklaces"", ""rect_box"": [211.93, 220.19, 288.48, 286.67], ""polygon"": [[236, 221], [220, 243], [214, 284], [226, 285], [228, 270], [237, 279], [247, 280], [262, 267], [263, 284], [276, 284], [284, 226], [279, 223], [259, 248], [247, 254]]}, {""label"": ""traditional indian attire"", ""rect_box"": [0.58, 77.1, 359.88, 287.81], ""polygon"": [[94, 282]]}, {""label"": ""gold earrings"", ""rect_box"": [277.57, 160.24, 291.38, 188.79], ""polygon"": [[286, 162], [283, 162], [282, 164], [282, 166], [281, 167], [281, 172], [279, 177], [279, 183], [283, 186], [284, 186], [288, 182], [288, 175], [285, 171], [285, 163]]}, {""label"": ""her hair"", ""rect_box"": [94.88, 185.01, 156.51, 237.46], ""polygon"": [[145, 228], [145, 235], [146, 235], [147, 234], [147, 229], [146, 228]]}, {""label"": ""a long neck chain gold necklaces"", ""rect_box"": [209.5, 189.67, 292.7, 286.43], ""polygon"": [[249, 239], [249, 240], [258, 240], [258, 239], [256, 239], [255, 240], [253, 240], [252, 239]]}, {""label"": ""a long nose ring"", ""rect_box"": [233.9, 155.24, 257.63, 182.81], ""polygon"": [[252, 160], [248, 160], [247, 161], [247, 178], [245, 180], [248, 182], [253, 179], [255, 176], [255, 171], [256, 169], [255, 168], [254, 163]]}]"
4898.jpg	"[{""label"": ""- likely a woman"", ""rect_box"": [107.31, 111.63, 251.49, 288.94], ""polygon"": [[158, 115], [137, 144], [132, 197], [112, 222], [109, 281], [222, 283], [229, 260], [217, 225], [228, 198], [244, 190], [245, 167], [234, 155], [213, 180], [194, 121]]}, {""label"": ""traditional attire"", ""rect_box"": [237.09, 72.77, 450.01, 288.23], ""polygon"": [[449, 108], [449, 118], [448, 119], [448, 121], [449, 122], [448, 129], [449, 131]]}, {""label"": ""traditional attire"", ""rect_box"": [110.56, 198.0, 219.35, 289.15], ""polygon"": [[120, 214], [119, 239], [130, 249], [126, 278], [120, 283], [209, 283], [199, 261], [178, 275], [139, 257], [155, 234], [175, 238], [160, 201], [135, 203]]}]"
5044.jpg	"[{""label"": ""a white dress"", ""rect_box"": [205.12, 198.98, 247.6, 287.01], ""polygon"": [[226, 187], [224, 198], [217, 205], [215, 246], [206, 270], [216, 281], [241, 285], [244, 257], [238, 231], [242, 220], [238, 205], [231, 200], [231, 189]]}, {""label"": ""- a woman"", ""rect_box"": [204.81, 184.42, 248.96, 288.48], ""polygon"": [[227, 186], [217, 204], [213, 232], [215, 245], [206, 270], [217, 282], [242, 285], [244, 256], [239, 234], [242, 219], [238, 205], [232, 200], [231, 188]]}, {""label"": ""the steps of a building"", ""rect_box"": [0.16, 218.98, 449.97, 287.94], ""polygon"": [[243, 229], [248, 284], [449, 284], [447, 219], [366, 223], [364, 267], [354, 271], [341, 244], [314, 243], [301, 220], [272, 220], [276, 235], [255, 239], [255, 224]]}]"
5191.jpg	"[{""label"": ""a woman"", ""rect_box"": [292.62, 92.12, 449.86, 287.36], ""polygon"": [[417, 225], [416, 226], [416, 227], [417, 227]]}, {""label"": ""a man"", ""rect_box"": [140.85, 72.18, 307.14, 286.95], ""polygon"": [[285, 283], [286, 283]]}, {""label"": ""- a man a woman"", ""rect_box"": [140.69, 72.41, 436.31, 287.63], ""polygon"": [[361, 176], [361, 178], [362, 178], [363, 177], [362, 176]]}, {""label"": ""a man"", ""rect_box"": [210.28, 71.79, 305.33, 179.52], ""polygon"": [[242, 75], [227, 90], [221, 126], [214, 129], [217, 157], [230, 173], [269, 164], [288, 171], [299, 150], [297, 95], [281, 76]]}]"
5389.jpg	"[{""label"": ""a turban"", ""rect_box"": [-0.03, 73.27, 202.41, 199.72], ""polygon"": [[0, 181], [33, 196], [39, 183], [26, 168], [48, 143], [100, 130], [135, 131], [144, 171], [157, 169], [194, 129], [191, 77], [0, 76]]}, {""label"": ""- a man"", ""rect_box"": [-0.01, 73.32, 236.23, 288.14], ""polygon"": [[0, 76], [0, 181], [57, 229], [49, 257], [8, 284], [228, 283], [137, 230], [158, 169], [195, 126], [190, 76]]}, {""label"": ""a white shirt"", ""rect_box"": [0.95, 234.0, 235.7, 288.42], ""polygon"": [[81, 282], [69, 268], [57, 247], [35, 267], [5, 284], [81, 285]]}, {""label"": ""a white shirt"", ""rect_box"": [272.23, 208.43, 450.02, 288.33], ""polygon"": [[449, 215], [277, 284], [447, 285]]}]"
5629.jpg	"[{""label"": ""- the woman a veil"", ""rect_box"": [140.2, 72.43, 378.83, 287.42], ""polygon"": [[259, 283]]}, {""label"": ""a veil"", ""rect_box"": [139.82, 72.75, 378.97, 287.15], ""polygon"": [[259, 283]]}]"
5869.jpg	"[{""label"": ""- a man other men"", ""rect_box"": [43.5, 78.99, 234.55, 287.76], ""polygon"": [[147, 82], [130, 83], [119, 99], [121, 151], [73, 181], [51, 284], [69, 284], [88, 251], [90, 284], [180, 283], [189, 216], [216, 223], [228, 215], [224, 186], [161, 138], [163, 101]]}, {""label"": ""other men"", ""rect_box"": [207.83, 146.85, 287.86, 287.83], ""polygon"": [[250, 148], [240, 154], [239, 178], [225, 183], [231, 212], [213, 285], [266, 285], [265, 220], [279, 224], [282, 232], [275, 192], [257, 178], [259, 158]]}, {""label"": ""a necklace"", ""rect_box"": [114.51, 140.11, 169.0, 252.34], ""polygon"": [[124, 162], [125, 162]]}, {""label"": ""white robes"", ""rect_box"": [208.54, 179.19, 287.33, 287.63], ""polygon"": [[226, 182], [231, 212], [211, 284], [265, 285], [265, 239], [250, 238], [246, 229], [255, 224], [264, 233], [267, 219], [282, 232], [276, 194], [259, 180], [247, 188], [237, 180]]}, {""label"": ""other men"", ""rect_box"": [312.53, 199.78, 346.69, 287.18], ""polygon"": [[325, 202], [324, 216], [319, 223], [319, 272], [322, 276], [329, 276], [330, 285], [336, 285], [341, 260], [342, 225], [332, 211], [332, 204]]}, {""label"": ""other men"", ""rect_box"": [340.51, 200.35, 378.7, 287.44], ""polygon"": [[364, 203], [356, 206], [356, 215], [347, 224], [345, 256], [340, 271], [344, 285], [349, 285], [351, 280], [365, 285], [370, 276], [371, 235], [365, 217], [367, 206]]}, {""label"": ""other men"", ""rect_box"": [288.49, 195.86, 318.96, 282.28], ""polygon"": [[302, 197], [298, 201], [292, 220], [289, 253], [292, 264], [310, 278], [313, 266], [309, 227], [313, 219], [308, 211], [309, 200]]}, {""label"": ""wooden wall"", ""rect_box"": [-0.06, 72.92, 449.93, 286.77], ""polygon"": [[192, 219], [190, 222], [190, 228], [187, 235], [186, 245], [190, 247], [206, 247], [208, 241], [209, 226], [204, 224], [203, 222]]}, {""label"": ""white robes"", ""rect_box"": [340.89, 213.92, 377.54, 283.08], ""polygon"": [[354, 216], [347, 224], [346, 254], [340, 275], [364, 281], [370, 276], [371, 236], [366, 218], [360, 220]]}, {""label"": ""white robes"", ""rect_box"": [313.88, 213.33, 346.33, 279.32], ""polygon"": [[335, 214], [326, 219], [322, 218], [319, 223], [318, 241], [325, 240], [327, 242], [327, 248], [321, 249], [319, 272], [322, 276], [337, 271], [340, 267], [341, 247], [339, 243], [342, 239], [342, 226], [340, 219]]}, {""label"": ""other men"", ""rect_box"": [355.71, 154.28, 386.26, 212.62], ""polygon"": [[370, 156], [367, 160], [368, 168], [358, 174], [357, 188], [361, 200], [369, 206], [378, 205], [382, 198], [383, 180], [382, 176], [375, 170], [375, 157]]}, {""label"": ""white robes"", ""rect_box"": [288.61, 209.35, 318.41, 279.66], ""polygon"": [[303, 202], [297, 208], [292, 220], [289, 253], [292, 264], [307, 278], [310, 278], [313, 269], [309, 225], [313, 219], [307, 209], [307, 202]]}, {""label"": ""white robes"", ""rect_box"": [355.89, 168.54, 386.17, 211.82], ""polygon"": [[361, 171], [358, 174], [357, 178], [358, 192], [361, 198], [368, 205], [378, 205], [383, 194], [382, 177], [376, 171], [372, 173], [369, 173], [367, 170]]}, {""label"": ""white white robes"", ""rect_box"": [44.61, 140.51, 233.85, 287.77], ""polygon"": [[157, 208]]}, {""label"": ""ring"", ""rect_box"": [117.46, 119.92, 143.9, 171.47], ""polygon"": [[130, 147], [128, 147], [128, 150], [126, 155], [120, 156], [118, 162], [118, 164], [120, 166], [128, 168], [131, 167], [134, 164], [134, 160], [130, 155]]}, {""label"": ""ring"", ""rect_box"": [132.11, 119.61, 143.97, 136.26], ""polygon"": [[138, 120], [136, 120], [133, 122], [133, 128], [136, 131], [137, 131], [138, 130], [138, 127], [139, 126], [139, 121]]}, {""label"": ""other men"", ""rect_box"": [281.56, 173.98, 309.2, 214.58], ""polygon"": [[289, 176], [286, 178], [288, 187], [284, 193], [284, 206], [285, 208], [290, 207], [294, 209], [294, 206], [299, 198], [304, 196], [305, 193], [304, 190], [298, 185], [298, 177]]}, {""label"": ""wooden wall"", ""rect_box"": [0.02, 73.59, 387.52, 262.76], ""polygon"": [[192, 218], [190, 220], [190, 226], [187, 233], [186, 245], [189, 247], [206, 247], [208, 243], [208, 234], [210, 226], [198, 219]]}]"
6121.jpg	"[{""label"": ""- a woman a group soldiers"", ""rect_box"": [130.94, 105.11, 237.6, 287.56], ""polygon"": [[180, 107], [185, 134], [158, 156], [151, 185], [162, 200], [132, 283], [230, 284], [214, 204], [225, 214], [233, 186], [225, 151], [208, 137], [217, 111]]}, {""label"": ""a white dress uniforms"", ""rect_box"": [131.14, 133.63, 236.63, 287.25], ""polygon"": [[163, 199], [147, 229], [132, 283], [230, 284], [214, 203], [208, 199]]}, {""label"": ""a horse - drawn carriage"", ""rect_box"": [326.04, 148.78, 449.0, 287.65], ""polygon"": [[432, 157], [404, 156], [376, 178], [382, 227], [364, 215], [341, 220], [353, 236], [348, 252], [357, 283], [433, 282], [442, 245]]}, {""label"": ""bonnet"", ""rect_box"": [174.45, 104.83, 221.52, 137.38], ""polygon"": [[176, 110], [185, 131], [186, 128], [192, 127], [201, 130], [208, 136], [211, 134], [218, 118], [218, 112], [214, 107], [179, 107]]}, {""label"": ""the scene"", ""rect_box"": [0.01, 72.91, 449.99, 289.53], ""polygon"": [[36, 275], [37, 275]]}, {""label"": ""a group of soldiers"", ""rect_box"": [50.09, 184.58, 94.45, 286.48], ""polygon"": [[60, 243]]}, {""label"": ""spears"", ""rect_box"": [63.56, 109.93, 109.66, 202.07], ""polygon"": [[104, 112], [94, 132], [84, 126], [85, 150], [79, 155], [74, 153], [78, 157], [78, 167], [63, 183], [82, 185], [89, 157], [102, 142], [98, 134]]}, {""label"": ""a group of soldiers"", ""rect_box"": [104.08, 206.45, 140.75, 285.48], ""polygon"": [[124, 271], [122, 271], [122, 275], [121, 276], [121, 278], [122, 279], [123, 278], [124, 278]]}, {""label"": ""the sky"", ""rect_box"": [0.07, 73.18, 450.07, 204.75], ""polygon"": [[323, 201], [322, 200], [320, 202], [319, 201], [319, 202], [320, 202], [321, 203], [322, 203], [323, 202]]}, {""label"": ""a group of soldiers"", ""rect_box"": [0.06, 98.98, 60.07, 286.5], ""polygon"": [[20, 101], [0, 103], [2, 284], [12, 272], [14, 200], [20, 195], [56, 200], [27, 174], [24, 135], [31, 108]]}, {""label"": ""white uniforms"", ""rect_box"": [61.89, 199.33, 92.36, 264.78], ""polygon"": [[85, 200], [70, 204], [60, 218], [60, 222], [65, 222], [67, 225], [65, 248], [68, 263], [82, 262], [84, 258], [84, 222], [88, 212], [88, 204]]}, {""label"": ""spears"", ""rect_box"": [21.0, 111.71, 83.25, 286.86], ""polygon"": [[54, 204], [49, 204], [23, 285], [29, 283]]}, {""label"": ""helmets"", ""rect_box"": [73.48, 185.1, 94.09, 202.37], ""polygon"": [[75, 188], [75, 190], [74, 191], [74, 197], [75, 198], [77, 198], [78, 197], [79, 198], [88, 198], [90, 196], [90, 193], [84, 188], [82, 187], [76, 187]]}, {""label"": ""white uniforms"", ""rect_box"": [-0.0, 127.36, 35.85, 282.47], ""polygon"": [[8, 194], [0, 195], [0, 279], [10, 277], [13, 262], [15, 197]]}, {""label"": ""spears"", ""rect_box"": [7.94, 75.79, 55.54, 165.61], ""polygon"": [[25, 104]]}, {""label"": ""spears"", ""rect_box"": [220.04, 109.44, 232.22, 154.12], ""polygon"": [[225, 112], [224, 134], [223, 135], [223, 146], [225, 149], [226, 147], [226, 113]]}, {""label"": ""spears"", ""rect_box"": [21.25, 109.44, 109.86, 286.91], ""polygon"": [[53, 204], [49, 204], [23, 285], [29, 283]]}, {""label"": ""helmets"", ""rect_box"": [119.74, 206.42, 136.81, 221.84], ""polygon"": [[134, 211], [133, 211], [131, 209], [130, 209], [129, 208], [128, 209], [124, 209], [123, 210], [123, 219], [124, 219], [125, 218], [131, 218], [132, 217], [133, 217], [133, 216], [134, 215]]}, {""label"": ""white uniforms"", ""rect_box"": [104.49, 217.69, 139.97, 271.39], ""polygon"": [[130, 218], [121, 221], [116, 228], [112, 239], [113, 247], [106, 263], [108, 267], [116, 269], [122, 268], [125, 245], [131, 238], [136, 236], [135, 224]]}, {""label"": ""helmets"", ""rect_box"": [174.38, 104.85, 221.61, 137.79], ""polygon"": [[176, 110], [185, 131], [186, 128], [192, 127], [201, 130], [208, 136], [211, 134], [218, 118], [218, 112], [214, 107], [179, 107]]}, {""label"": ""white uniforms"", ""rect_box"": [54.39, 198.84, 92.92, 278.94], ""polygon"": [[80, 193], [59, 220], [66, 228], [65, 246], [60, 254], [57, 273], [65, 270], [69, 284], [78, 282], [74, 264], [83, 261], [84, 223], [88, 204]]}]"
615.jpg	"[{""label"": ""helmets"", ""rect_box"": [360.35, 123.63, 418.12, 187.36], ""polygon"": [[387, 126], [379, 129], [370, 137], [365, 150], [366, 157], [377, 178], [386, 185], [394, 185], [408, 171], [412, 161], [412, 151], [407, 132]]}, {""label"": ""helmets"", ""rect_box"": [75.33, 71.91, 135.81, 121.9], ""polygon"": [[120, 103], [121, 102], [122, 102], [120, 102]]}, {""label"": ""a group of warriors"", ""rect_box"": [272.55, 123.86, 449.76, 288.33], ""polygon"": [[415, 278], [415, 279], [416, 280], [417, 280], [417, 278]]}, {""label"": ""helmets"", ""rect_box"": [227.05, 140.39, 253.98, 170.56], ""polygon"": [[239, 142], [232, 150], [232, 155], [229, 161], [230, 166], [234, 167], [252, 166], [248, 158], [245, 155], [244, 146]]}, {""label"": ""a group of warriors"", ""rect_box"": [0.03, 72.38, 450.02, 288.0], ""polygon"": [[0, 75], [0, 284], [208, 284], [276, 218], [225, 282], [449, 284], [449, 75]]}, {""label"": ""helmets"", ""rect_box"": [9.53, 72.6, 70.51, 142.1], ""polygon"": [[23, 74], [15, 78], [12, 87], [22, 126], [26, 131], [43, 136], [45, 128], [50, 124], [64, 123], [64, 109], [40, 74]]}, {""label"": ""a group of warriors"", ""rect_box"": [216.69, 140.33, 290.43, 286.68], ""polygon"": [[271, 246], [266, 242], [229, 275], [228, 281], [233, 284], [263, 283], [279, 266], [278, 259]]}, {""label"": ""a group of warriors"", ""rect_box"": [63.89, 72.35, 216.8, 287.08], ""polygon"": [[106, 252]]}, {""label"": ""helmets"", ""rect_box"": [75.63, 72.15, 170.44, 146.97], ""polygon"": [[79, 75], [81, 100], [100, 126], [101, 143], [145, 142], [161, 133], [166, 135], [154, 108], [124, 76]]}, {""label"": ""a cloudy sky"", ""rect_box"": [0.19, 72.64, 450.18, 212.02], ""polygon"": [[66, 197], [66, 198], [67, 198], [67, 197]]}, {""label"": ""a group of warriors"", ""rect_box"": [9.46, 71.99, 218.23, 287.08], ""polygon"": [[5, 122], [6, 122]]}, {""label"": ""battle attire armor"", ""rect_box"": [65.96, 72.43, 216.35, 286.92], ""polygon"": [[101, 245], [103, 245]]}, {""label"": ""battle attire armor"", ""rect_box"": [216.51, 140.38, 289.97, 286.57], ""polygon"": [[271, 246], [266, 242], [229, 275], [228, 281], [233, 284], [263, 283], [279, 266], [278, 259]]}, {""label"": ""a group of warriors battle attire armor"", ""rect_box"": [272.84, 124.29, 420.77, 288.44], ""polygon"": [[401, 255], [403, 255]]}]"
6402.jpg	"[{""label"": ""a woman traditional indian attire"", ""rect_box"": [193.03, 109.18, 269.96, 287.99], ""polygon"": [[234, 110], [221, 121], [223, 146], [207, 153], [195, 284], [243, 285], [248, 265], [254, 276], [265, 272], [260, 170], [238, 144], [243, 132]]}, {""label"": ""a red shawl"", ""rect_box"": [195.95, 189.18, 269.36, 260.62], ""polygon"": [[201, 191], [198, 199], [201, 229], [226, 255], [241, 255], [260, 236], [266, 209], [264, 197], [258, 198], [244, 219], [231, 228], [215, 217]]}, {""label"": ""traditional indian attire a white saree"", ""rect_box"": [193.97, 145.72, 269.07, 287.41], ""polygon"": [[237, 144], [207, 154], [198, 199], [201, 240], [195, 284], [242, 285], [249, 265], [254, 274], [265, 272], [259, 166]]}, {""label"": ""traditional indian attire"", ""rect_box"": [193.06, 109.37, 270.1, 287.83], ""polygon"": [[234, 110], [221, 121], [223, 146], [207, 153], [195, 284], [243, 285], [248, 265], [254, 276], [265, 272], [260, 170], [238, 144], [242, 124]]}]"
6514.jpg	"[{""label"": ""- a group of people"", ""rect_box"": [109.77, 148.47, 160.58, 282.36], ""polygon"": [[145, 150], [138, 151], [120, 185], [123, 201], [112, 245], [122, 259], [119, 276], [136, 279], [125, 271], [129, 261], [145, 266], [153, 242], [146, 220], [151, 207], [142, 200]]}, {""label"": ""- a group of people"", ""rect_box"": [29.98, 156.46, 89.93, 248.53], ""polygon"": [[60, 160], [52, 175], [52, 190], [46, 198], [37, 231], [40, 234], [48, 228], [68, 233], [72, 243], [83, 243], [74, 233], [76, 222], [64, 192], [69, 184], [85, 186], [85, 182], [69, 174], [65, 162]]}, {""label"": ""a chandelier"", ""rect_box"": [210.06, 85.51, 242.49, 113.63], ""polygon"": [[216, 90], [216, 95], [213, 99], [212, 103], [213, 107], [224, 107], [229, 109], [237, 107], [237, 99], [234, 96], [233, 90], [231, 88], [222, 87], [218, 88]]}, {""label"": ""a building"", ""rect_box"": [-0.05, 71.67, 449.95, 205.05], ""polygon"": [[177, 197], [178, 197]]}, {""label"": ""swords torches"", ""rect_box"": [144.56, 165.32, 184.1, 217.7], ""polygon"": [[178, 168], [166, 190], [151, 206], [149, 211], [165, 196], [170, 189], [178, 173]]}, {""label"": ""traditional indian clothing"", ""rect_box"": [33.87, 166.17, 88.62, 241.27], ""polygon"": [[60, 164], [52, 175], [52, 190], [46, 198], [37, 231], [40, 234], [48, 228], [69, 233], [72, 243], [83, 242], [74, 234], [75, 218], [64, 192], [69, 184], [85, 186], [85, 182], [69, 174]]}, {""label"": ""traditional indian clothing"", ""rect_box"": [110.23, 164.55, 157.43, 269.93], ""polygon"": [[122, 262], [122, 263], [121, 264], [121, 265], [120, 266], [120, 268], [119, 269], [120, 270], [122, 270]]}, {""label"": ""- a group of people"", ""rect_box"": [192.87, 153.4, 249.1, 278.85], ""polygon"": [[218, 156], [213, 172], [204, 178], [205, 231], [195, 260], [212, 242], [223, 248], [240, 274], [230, 212], [236, 185], [225, 174], [225, 158]]}, {""label"": ""swords"", ""rect_box"": [0.0, 169.92, 51.38, 263.24], ""polygon"": [[23, 172], [0, 173], [14, 202], [3, 247], [6, 260], [18, 211], [47, 254], [18, 204]]}, {""label"": ""arches"", ""rect_box"": [191.29, 76.35, 259.87, 178.48], ""polygon"": [[202, 83], [195, 92], [196, 169], [211, 168], [216, 115], [238, 116], [240, 160], [251, 168], [252, 88], [228, 78]]}, {""label"": ""a group of people"", ""rect_box"": [251.96, 150.08, 289.79, 219.1], ""polygon"": [[261, 184], [256, 188], [250, 202], [255, 213], [253, 222], [258, 226], [259, 217], [262, 213], [267, 212], [274, 216], [273, 228], [276, 229], [278, 228], [277, 220], [284, 204], [282, 195], [273, 184]]}, {""label"": ""arches"", ""rect_box"": [270.33, 77.14, 327.8, 182.23], ""polygon"": [[282, 85], [277, 96], [277, 148], [284, 152], [283, 159], [289, 170], [318, 176], [322, 122], [314, 109], [316, 91], [305, 83]]}, {""label"": ""torches"", ""rect_box"": [2.93, 148.43, 31.58, 177.41], ""polygon"": [[23, 150], [21, 150], [19, 152], [17, 166], [10, 168], [8, 167], [7, 169], [8, 172], [22, 172], [24, 171], [25, 168], [25, 163], [24, 162], [25, 153]]}, {""label"": ""arches"", ""rect_box"": [329.58, 77.29, 384.14, 180.8], ""polygon"": [[355, 81], [344, 85], [338, 93], [339, 109], [332, 133], [332, 170], [337, 174], [371, 176], [377, 163], [378, 127], [377, 119], [373, 118], [377, 117], [377, 93], [369, 85]]}, {""label"": ""arches"", ""rect_box"": [128.25, 78.5, 180.27, 175.31], ""polygon"": [[150, 81], [137, 86], [132, 96], [134, 154], [139, 148], [147, 149], [151, 157], [149, 167], [152, 172], [159, 173], [163, 164], [169, 161], [171, 164], [174, 160], [173, 116], [169, 109], [172, 96], [165, 84]]}, {""label"": ""- a group of people"", ""rect_box"": [248.1, 149.79, 290.36, 232.66], ""polygon"": [[261, 184], [256, 188], [250, 201], [254, 213], [252, 221], [255, 226], [259, 226], [259, 217], [262, 213], [267, 212], [274, 217], [273, 228], [278, 229], [277, 221], [284, 205], [282, 195], [277, 186], [271, 183]]}, {""label"": ""torches"", ""rect_box"": [408.63, 152.97, 433.58, 176.96], ""polygon"": [[417, 155], [412, 160], [412, 164], [414, 167], [412, 171], [414, 172], [426, 172], [427, 171], [426, 169], [426, 164], [427, 162], [424, 160], [422, 160], [420, 158], [420, 155]]}, {""label"": ""torches"", ""rect_box"": [230.22, 150.78, 252.16, 181.09], ""polygon"": [[232, 152], [233, 153], [232, 155], [233, 178], [238, 183], [241, 183], [244, 181], [244, 178], [248, 174], [239, 164], [237, 160], [237, 153]]}, {""label"": ""swords"", ""rect_box"": [237.86, 176.14, 289.31, 190.29], ""polygon"": [[242, 184], [242, 185], [272, 183], [275, 185], [284, 186], [284, 184], [279, 181], [250, 181]]}]"
6693.jpg	"[{""label"": ""a wooden stick"", ""rect_box"": [82.39, 72.5, 115.39, 253.67], ""polygon"": [[110, 74], [93, 75], [85, 248], [102, 242]]}, {""label"": ""a woman a white headscarf"", ""rect_box"": [111.77, 72.81, 376.86, 287.79], ""polygon"": [[232, 201], [233, 201]]}, {""label"": ""a woman"", ""rect_box"": [44.48, 72.55, 378.08, 287.96], ""polygon"": [[121, 252], [99, 246], [90, 252], [79, 253], [65, 261], [49, 283], [109, 284], [117, 279], [114, 266], [121, 259]]}]"
6900.jpg	"[{""label"": ""a plate of food"", ""rect_box"": [239.67, 193.41, 350.7, 231.92], ""polygon"": [[242, 203], [244, 212], [259, 220], [318, 222], [331, 227], [345, 216], [344, 212], [318, 200], [259, 196], [245, 199]]}, {""label"": ""a woman"", ""rect_box"": [216.61, 81.04, 371.34, 288.37], ""polygon"": [[304, 83], [280, 103], [288, 157], [261, 171], [228, 171], [224, 284], [336, 284], [340, 262], [363, 273], [364, 174], [319, 158], [325, 115]]}, {""label"": ""traditional indian attire specifically a red and gold sari"", ""rect_box"": [219.07, 157.01, 369.6, 288.25], ""polygon"": [[243, 211], [241, 245], [233, 261], [223, 266], [224, 284], [337, 283], [338, 262], [313, 225], [259, 221]]}]"
7168.jpg	"[{""label"": ""- a woman"", ""rect_box"": [169.25, 120.27, 235.18, 278.05], ""polygon"": [[196, 121], [190, 132], [194, 141], [190, 180], [181, 201], [183, 240], [172, 249], [205, 270], [215, 231], [209, 188], [227, 176], [224, 171], [213, 173], [203, 149], [208, 130]]}, {""label"": ""a purple sari"", ""rect_box"": [170.07, 146.21, 220.63, 273.4], ""polygon"": [[194, 146], [189, 159], [190, 180], [181, 199], [183, 240], [173, 249], [176, 255], [186, 254], [195, 267], [204, 270], [209, 267], [215, 220], [209, 207], [209, 183], [201, 174], [210, 163], [203, 149]]}, {""label"": ""a building"", ""rect_box"": [0.01, 72.09, 449.98, 186.65], ""polygon"": [[3, 134]]}, {""label"": ""colorful saris"", ""rect_box"": [293.66, 163.39, 323.2, 233.92], ""polygon"": [[305, 153], [301, 166], [302, 174], [296, 186], [296, 198], [302, 229], [306, 227], [313, 233], [318, 194], [310, 157]]}, {""label"": ""colorful saris"", ""rect_box"": [2.42, 165.29, 31.86, 236.75], ""polygon"": [[16, 166], [6, 177], [5, 222], [14, 234], [18, 234], [24, 225], [25, 202], [30, 177]]}, {""label"": ""colorful saris"", ""rect_box"": [151.34, 159.61, 180.46, 237.86], ""polygon"": [[169, 162], [166, 162], [160, 169], [154, 191], [154, 205], [163, 236], [170, 234], [175, 222], [174, 180], [171, 178], [174, 172]]}, {""label"": ""a courtyard"", ""rect_box"": [-0.0, 206.8, 450.0, 287.18], ""polygon"": [[404, 231], [405, 231]]}, {""label"": ""colorful saris"", ""rect_box"": [100.15, 162.99, 130.37, 235.82], ""polygon"": [[112, 153], [102, 173], [101, 188], [104, 190], [104, 213], [111, 224], [112, 236], [115, 237], [125, 187], [132, 178], [119, 162], [118, 156]]}, {""label"": ""colorful saris"", ""rect_box"": [343.63, 163.76, 375.68, 236.75], ""polygon"": [[363, 165], [354, 170], [351, 166], [349, 172], [353, 188], [347, 205], [346, 227], [351, 235], [356, 228], [360, 232], [364, 232], [367, 228], [368, 194], [374, 185], [371, 175]]}, {""label"": ""colorful saris"", ""rect_box"": [240.59, 160.8, 272.35, 234.65], ""polygon"": [[253, 150], [251, 160], [245, 166], [246, 210], [250, 230], [253, 234], [257, 232], [261, 235], [265, 209], [264, 185], [269, 171], [260, 161], [259, 153]]}, {""label"": ""colorful saris"", ""rect_box"": [56.62, 162.87, 86.17, 235.24], ""polygon"": [[68, 154], [64, 158], [59, 187], [62, 225], [68, 233], [73, 234], [79, 197], [78, 185], [85, 175], [74, 162], [73, 156]]}, {""label"": ""colorful saris"", ""rect_box"": [0.09, 144.61, 450.05, 243.65], ""polygon"": [[296, 345]]}]"
7270.jpg	"[{""label"": ""two women s fluid movements"", ""rect_box"": [49.97, 78.27, 184.78, 288.42], ""polygon"": [[111, 80], [52, 123], [77, 230], [68, 283], [139, 284], [127, 243], [136, 230], [158, 284], [172, 285], [145, 204], [117, 176], [138, 160], [139, 128], [89, 120], [93, 168], [72, 147], [69, 128], [122, 95]]}, {""label"": ""two women fluid movements"", ""rect_box"": [203.98, 90.32, 319.08, 287.87], ""polygon"": [[302, 95], [251, 96], [223, 108], [215, 184], [230, 238], [207, 284], [287, 284], [284, 249], [301, 257], [310, 241], [283, 235], [284, 208], [260, 179], [280, 161], [278, 136], [256, 117], [312, 107]]}, {""label"": ""traditional indian saris red - hued saris the women traditional attire"", ""rect_box"": [204.28, 150.03, 293.6, 288.16], ""polygon"": [[216, 154], [217, 198], [226, 223], [248, 218], [222, 244], [207, 284], [287, 284], [284, 207], [235, 163], [233, 154]]}, {""label"": ""traditional indian saris red - hued saris the women attire"", ""rect_box"": [58.3, 151.31, 152.3, 288.26], ""polygon"": [[74, 154], [61, 168], [70, 204], [80, 213], [68, 284], [109, 284], [130, 226], [148, 212], [134, 186], [120, 180], [109, 190], [95, 167], [87, 168]]}, {""label"": ""upas - styled hair"", ""rect_box"": [234.51, 116.07, 281.56, 166.67], ""polygon"": [[269, 122], [261, 118], [248, 116], [235, 122], [234, 150], [238, 163], [246, 160], [246, 149], [249, 146], [258, 148], [261, 142], [277, 133]]}, {""label"": ""upas - styled hair"", ""rect_box"": [321.34, 148.1, 364.76, 185.29], ""polygon"": [[326, 154], [323, 159], [332, 169], [337, 167], [341, 170], [342, 180], [345, 178], [348, 172], [354, 171], [356, 163], [361, 162], [360, 157], [347, 150], [343, 152]]}, {""label"": ""the room the setting"", ""rect_box"": [0.13, 75.28, 450.13, 289.54], ""polygon"": [[61, 282], [62, 282]]}, {""label"": ""two women other dancers"", ""rect_box"": [306.84, 148.28, 368.34, 288.31], ""polygon"": [[359, 159]]}, {""label"": ""an audience other dancers"", ""rect_box"": [383.27, 148.39, 422.79, 288.01], ""polygon"": [[416, 150], [401, 151], [394, 166], [399, 178], [391, 201], [386, 284], [411, 285], [415, 280], [418, 189], [412, 168], [419, 156]]}, {""label"": ""the light"", ""rect_box"": [11.25, 95.67, 35.25, 118.19], ""polygon"": [[30, 101], [26, 98], [23, 98], [21, 99], [20, 101], [14, 107], [14, 111], [18, 113], [26, 113], [29, 110], [31, 106], [31, 103]]}, {""label"": ""gold jewelry"", ""rect_box"": [91.41, 163.74, 124.52, 196.41], ""polygon"": [[97, 163], [95, 166], [96, 171], [108, 189], [111, 191], [118, 187], [120, 183], [119, 178], [117, 176], [112, 176], [106, 173]]}, {""label"": ""the light"", ""rect_box"": [422.26, 95.21, 444.01, 121.08], ""polygon"": [[427, 96], [426, 97], [426, 101], [425, 102], [425, 107], [426, 108], [426, 113], [428, 116], [436, 116], [440, 113], [440, 109], [437, 102], [432, 97]]}, {""label"": ""an audience"", ""rect_box"": [17.18, 127.89, 66.99, 286.9], ""polygon"": [[44, 131], [31, 139], [36, 166], [25, 190], [28, 284], [56, 284], [61, 232], [53, 182], [58, 163], [52, 136]]}, {""label"": ""the room"", ""rect_box"": [0.0, 2.61, 450.0, 358.0], ""polygon"": [[0, 288], [2, 358], [449, 358], [449, 288]]}, {""label"": ""two women an audience other dancers"", ""rect_box"": [412.41, 136.41, 450.05, 287.88], ""polygon"": [[431, 139], [420, 158], [431, 183], [419, 209], [419, 277], [422, 284], [442, 285], [449, 284], [449, 146]]}, {""label"": ""upas - styled hair"", ""rect_box"": [84.01, 113.76, 143.36, 160.99], ""polygon"": [[85, 132], [87, 136], [99, 142], [99, 156], [101, 157], [106, 155], [109, 143], [113, 138], [121, 143], [132, 134], [139, 134], [140, 130], [136, 125], [121, 117], [107, 119], [103, 116], [95, 116], [86, 123]]}, {""label"": ""an audience"", ""rect_box"": [152.8, 167.89, 191.93, 280.41], ""polygon"": [[169, 170], [162, 176], [160, 204], [163, 214], [158, 234], [170, 279], [180, 281], [189, 218], [183, 189]]}, {""label"": ""gold jewelry"", ""rect_box"": [90.97, 163.73, 125.03, 225.88], ""polygon"": [[97, 163], [95, 166], [96, 172], [110, 191], [112, 191], [117, 188], [120, 184], [119, 178], [117, 176], [112, 176], [106, 173]]}, {""label"": ""the women s traditional attire"", ""rect_box"": [203.96, 90.14, 318.8, 287.92], ""polygon"": [[302, 95], [251, 96], [223, 108], [215, 184], [230, 238], [207, 284], [287, 284], [284, 249], [301, 257], [310, 241], [283, 235], [284, 208], [260, 179], [280, 161], [278, 136], [256, 117], [312, 107]]}, {""label"": ""upas - styled hair"", ""rect_box"": [84.17, 113.7, 143.22, 148.49], ""polygon"": [[85, 132], [90, 138], [98, 140], [104, 131], [109, 131], [118, 143], [121, 143], [130, 135], [139, 134], [140, 129], [121, 117], [107, 119], [103, 116], [94, 116], [87, 121]]}, {""label"": ""other dancers"", ""rect_box"": [307.44, 148.14, 368.36, 288.35], ""polygon"": [[359, 159]]}, {""label"": ""an audience"", ""rect_box"": [0.07, 120.85, 450.06, 288.24], ""polygon"": [[426, 282], [426, 283], [427, 283], [427, 282]]}]"
7386.jpg	"[{""label"": ""- a man"", ""rect_box"": [79.48, 81.9, 288.51, 288.03], ""polygon"": [[274, 257], [269, 252], [262, 251], [249, 259], [242, 260], [238, 264], [237, 276], [232, 279], [229, 278], [228, 282], [260, 284], [266, 270], [270, 274], [273, 274]]}, {""label"": ""traditional white attire"", ""rect_box"": [79.57, 107.48, 273.36, 287.98], ""polygon"": [[222, 116], [187, 111], [150, 150], [100, 221], [84, 284], [180, 284], [196, 273], [208, 242], [220, 246], [222, 265], [256, 247], [247, 156], [228, 148]]}, {""label"": ""a bow"", ""rect_box"": [183.36, 242.75, 300.08, 288.0], ""polygon"": [[235, 265], [232, 263], [225, 264], [222, 270], [217, 274], [197, 278], [182, 285], [203, 282], [220, 275], [234, 275]]}, {""label"": ""ornate columns"", ""rect_box"": [336.19, 73.18, 389.59, 287.68], ""polygon"": [[340, 74], [340, 274], [346, 284], [379, 284], [385, 264], [366, 78]]}, {""label"": ""ornate columns"", ""rect_box"": [50.12, 73.21, 102.18, 287.46], ""polygon"": [[95, 74], [71, 75], [52, 265], [56, 284], [79, 284], [94, 232]]}]"
7595.jpg	"[{""label"": ""- a woman"", ""rect_box"": [99.9, 90.68, 286.81, 288.01], ""polygon"": [[239, 97], [192, 98], [165, 119], [160, 203], [126, 239], [104, 285], [281, 284], [268, 234], [224, 206], [245, 154]]}, {""label"": ""a green shirt"", ""rect_box"": [282.58, 198.22, 448.69, 288.37], ""polygon"": [[295, 283], [296, 283]]}, {""label"": ""a red saree"", ""rect_box"": [100.45, 203.94, 286.97, 288.1], ""polygon"": [[103, 281], [279, 285], [283, 276], [269, 235], [233, 213], [219, 216], [171, 264], [168, 277], [159, 274], [167, 232], [159, 204], [126, 239]]}, {""label"": ""a man"", ""rect_box"": [256.72, 78.03, 449.3, 288.32], ""polygon"": [[277, 96], [259, 129], [261, 189], [318, 228], [285, 284], [444, 284], [424, 237], [369, 183], [367, 136], [347, 89], [320, 80]]}, {""label"": ""a red wall"", ""rect_box"": [88.68, 72.89, 447.02, 243.11], ""polygon"": [[96, 78], [94, 234], [157, 201], [174, 106], [227, 89], [248, 111], [231, 208], [308, 236], [259, 191], [257, 127], [327, 76], [356, 98], [372, 180], [449, 244], [449, 76]]}]"
761.jpg	"[{""label"": ""- two women"", ""rect_box"": [183.79, 90.65, 333.35, 288.17], ""polygon"": [[215, 99], [206, 117], [220, 186], [187, 205], [213, 238], [226, 284], [328, 284], [301, 209], [257, 181], [270, 127], [266, 98], [251, 91]]}, {""label"": ""- two women"", ""rect_box"": [36.77, 92.4, 228.25, 288.13], ""polygon"": [[169, 102], [139, 94], [111, 114], [84, 196], [39, 284], [223, 284], [211, 238], [175, 191], [181, 125]]}]"
7835.jpg	"[{""label"": ""a large crowd"", ""rect_box"": [0.42, 204.96, 300.91, 287.92], ""polygon"": [[297, 262]]}, {""label"": ""a large crowd"", ""rect_box"": [128.79, 205.31, 296.72, 287.51], ""polygon"": [[132, 279], [134, 284], [266, 284], [266, 261], [284, 252], [282, 212], [191, 208], [180, 220], [181, 232], [145, 257]]}]"
8011.jpg	"[{""label"": ""- a man armor a guard"", ""rect_box"": [88.33, 74.13, 365.99, 288.85], ""polygon"": [[216, 275], [215, 276], [216, 277]]}, {""label"": ""armor a guard"", ""rect_box"": [87.82, 74.2, 366.15, 288.71], ""polygon"": [[217, 275], [216, 275], [215, 276], [216, 277], [216, 276]]}, {""label"": ""a lit sword"", ""rect_box"": [84.28, 224.99, 310.64, 266.01], ""polygon"": [[147, 250], [147, 253], [206, 261], [266, 254]]}]"
8142.jpg	"[{""label"": ""turbans"", ""rect_box"": [238.18, 122.58, 274.79, 154.83], ""polygon"": [[270, 130], [262, 124], [257, 124], [248, 128], [241, 140], [240, 148], [262, 148], [268, 150], [269, 143], [265, 132]]}, {""label"": ""a diverse group of people traditional indian attire"", ""rect_box"": [29.66, 186.24, 118.35, 288.11], ""polygon"": [[67, 188], [64, 192], [72, 200], [72, 224], [57, 237], [32, 285], [74, 283], [84, 259], [91, 254], [101, 259], [109, 247], [110, 239], [93, 233], [89, 204]]}, {""label"": ""turbans"", ""rect_box"": [59.46, 185.76, 96.99, 225.24], ""polygon"": [[62, 189], [62, 191], [67, 193], [72, 200], [68, 210], [69, 216], [72, 221], [80, 220], [92, 213], [90, 205], [80, 194], [69, 188]]}, {""label"": ""a diverse group of people traditional indian attire robes"", ""rect_box"": [261.07, 72.0, 449.83, 287.86], ""polygon"": [[438, 254]]}, {""label"": ""a diverse group of people"", ""rect_box"": [237.11, 122.87, 283.74, 229.19], ""polygon"": [[257, 124], [248, 128], [241, 140], [244, 162], [239, 173], [252, 171], [258, 179], [258, 199], [252, 199], [250, 190], [246, 205], [260, 210], [265, 226], [278, 158], [269, 153], [265, 135], [269, 129]]}, {""label"": ""traditional indian attire robes"", ""rect_box"": [260.99, 72.25, 449.99, 287.61], ""polygon"": [[438, 254]]}, {""label"": ""traditional indian attire robes"", ""rect_box"": [29.64, 186.28, 118.13, 287.89], ""polygon"": [[67, 188], [64, 192], [72, 200], [72, 224], [57, 237], [32, 285], [74, 283], [84, 259], [91, 254], [101, 259], [109, 247], [110, 239], [93, 233], [89, 204]]}, {""label"": ""a diverse group of people"", ""rect_box"": [84.33, 234.64, 239.28, 288.56], ""polygon"": [[192, 261], [191, 262], [192, 263], [193, 263], [194, 262], [193, 262]]}, {""label"": ""a diverse group of people"", ""rect_box"": [112.23, 162.26, 183.43, 281.0], ""polygon"": [[153, 255], [155, 257], [155, 259], [157, 259], [155, 257], [155, 256], [154, 255]]}, {""label"": ""traditional indian attire"", ""rect_box"": [237.12, 122.89, 283.47, 228.56], ""polygon"": [[257, 124], [248, 128], [241, 140], [244, 162], [239, 173], [252, 171], [258, 179], [258, 199], [252, 199], [250, 190], [246, 205], [260, 210], [265, 226], [278, 158], [269, 153], [265, 135], [269, 129]]}, {""label"": ""traditional indian attire robes"", ""rect_box"": [113.15, 163.29, 255.03, 280.72], ""polygon"": [[161, 269]]}]"
8361.jpg	"[{""label"": ""- a woman"", ""rect_box"": [7.47, 72.7, 258.75, 289.31], ""polygon"": [[3, 278], [2, 277], [1, 278], [0, 278], [0, 279], [2, 279]]}, {""label"": ""a black top black skirt"", ""rect_box"": [7.7, 228.42, 208.75, 289.57], ""polygon"": [[201, 256], [188, 247], [186, 277], [169, 282], [147, 274], [114, 236], [58, 237], [21, 263], [10, 284], [118, 285], [124, 271], [151, 285], [202, 284]]}, {""label"": ""long hair"", ""rect_box"": [54.7, 72.6, 253.59, 285.62], ""polygon"": [[69, 282], [73, 282]]}, {""label"": ""long hair"", ""rect_box"": [55.31, 72.81, 253.05, 255.16], ""polygon"": [[125, 151], [125, 159], [128, 159], [128, 158], [126, 157], [126, 155], [130, 152], [131, 152], [133, 154], [133, 159], [134, 159], [134, 155], [133, 154], [134, 151], [132, 152]]}]"
8636.jpg	"[{""label"": ""a woman"", ""rect_box"": [271.68, 163.42, 303.52, 261.52], ""polygon"": [[282, 165], [274, 206], [277, 214], [278, 258], [299, 258], [291, 204], [295, 197], [294, 188], [287, 180], [289, 167]]}, {""label"": ""the scene"", ""rect_box"": [-0.03, 2.11, 449.95, 357.52], ""polygon"": [[0, 286], [1, 358], [449, 358], [449, 286]]}, {""label"": ""the woman"", ""rect_box"": [270.37, 162.89, 303.85, 261.79], ""polygon"": [[282, 165], [273, 209], [277, 214], [278, 258], [299, 258], [291, 204], [295, 197], [294, 188], [287, 180], [289, 167]]}, {""label"": ""her long dress"", ""rect_box"": [272.86, 178.98, 299.62, 258.2], ""polygon"": [[279, 179], [276, 184], [277, 196], [274, 206], [277, 214], [278, 257], [297, 251], [296, 221], [291, 204], [294, 199], [294, 189], [290, 181]]}, {""label"": ""the vast body of body"", ""rect_box"": [225.51, 192.49, 449.96, 206.38], ""polygon"": [[231, 200], [245, 202], [246, 201], [251, 202], [253, 201], [273, 202], [274, 199]]}, {""label"": ""water water"", ""rect_box"": [226.03, 192.81, 449.86, 206.19], ""polygon"": [[231, 200], [245, 202], [246, 201], [251, 202], [253, 201], [273, 202], [274, 199]]}, {""label"": ""the sky"", ""rect_box"": [-0.02, 72.84, 449.98, 194.48], ""polygon"": [[0, 75], [0, 154], [62, 138], [272, 193], [285, 162], [298, 193], [449, 143], [449, 75]]}, {""label"": ""flag"", ""rect_box"": [25.51, 114.2, 52.7, 135.39], ""polygon"": [[49, 131], [49, 117], [48, 116], [43, 116], [36, 119], [32, 119], [29, 120], [27, 122], [27, 124], [30, 126], [38, 128], [45, 132], [48, 132]]}, {""label"": ""a beach the setting"", ""rect_box"": [0.02, 185.68, 450.02, 286.54], ""polygon"": [[0, 188], [0, 284], [449, 284], [449, 205], [295, 203], [304, 258], [277, 261], [271, 203]]}, {""label"": ""structure"", ""rect_box"": [0.51, 136.58, 109.76, 192.47], ""polygon"": [[5, 165], [5, 180], [40, 180], [83, 189], [108, 189], [111, 185], [106, 173], [78, 146], [62, 141], [33, 141]]}, {""label"": ""the setting"", ""rect_box"": [0.05, 136.93, 449.99, 286.21], ""polygon"": [[348, 199], [349, 199]]}, {""label"": ""the woman"", ""rect_box"": [262.82, 159.76, 312.13, 264.96], ""polygon"": [[282, 165], [273, 208], [277, 214], [277, 257], [300, 258], [291, 204], [295, 197], [294, 188], [287, 180], [289, 167]]}, {""label"": ""the woman"", ""rect_box"": [257.11, 155.7, 319.25, 268.01], ""polygon"": [[282, 165], [273, 207], [277, 214], [277, 257], [296, 259], [301, 256], [297, 250], [296, 222], [291, 203], [295, 198], [294, 188], [287, 180], [289, 167]]}]"
8804.jpg	"[{""label"": ""a beard"", ""rect_box"": [152.66, 139.25, 228.63, 208.51], ""polygon"": [[223, 140], [207, 163], [195, 169], [192, 175], [180, 164], [162, 160], [154, 172], [156, 180], [161, 183], [163, 197], [183, 205], [201, 203], [209, 198], [220, 184], [219, 153]]}, {""label"": ""- a man the man"", ""rect_box"": [-0.07, 76.44, 312.88, 287.84], ""polygon"": [[308, 256], [259, 210], [247, 107], [217, 80], [180, 84], [157, 124], [155, 174], [186, 215], [166, 243], [104, 229], [0, 171], [0, 221], [44, 231], [108, 284], [299, 284]]}, {""label"": ""a woman the woman"", ""rect_box"": [300.27, 72.36, 449.99, 288.48], ""polygon"": [[309, 75], [323, 188], [346, 195], [352, 209], [316, 244], [304, 284], [449, 284], [449, 233], [419, 209], [437, 192], [447, 137], [423, 77]]}, {""label"": ""her hair"", ""rect_box"": [303.26, 72.56, 450.02, 210.15], ""polygon"": [[309, 75], [304, 100], [311, 126], [321, 120], [328, 139], [355, 153], [395, 198], [415, 206], [430, 200], [443, 176], [438, 159], [447, 133], [428, 104], [423, 77]]}, {""label"": ""a a white top"", ""rect_box"": [300.94, 206.79, 450.02, 288.55], ""polygon"": [[392, 229], [393, 229]]}, {""label"": ""a white sleeveless shirt a white top"", ""rect_box"": [300.91, 207.93, 407.91, 288.48], ""polygon"": [[303, 284], [309, 285], [403, 284], [391, 235], [373, 214], [360, 210], [346, 213], [321, 237]]}]"
8924.jpg	"[{""label"": ""- a man"", ""rect_box"": [169.35, 73.14, 367.56, 273.24], ""polygon"": [[180, 76], [172, 140], [224, 165], [237, 260], [285, 259], [302, 205], [342, 249], [361, 250], [320, 194], [316, 151], [288, 136], [296, 111], [285, 81], [254, 93], [248, 138], [193, 131], [202, 80]]}, {""label"": ""his arms"", ""rect_box"": [169.45, 72.79, 232.4, 167.19], ""polygon"": [[181, 75], [187, 90], [173, 125], [172, 140], [196, 161], [223, 163], [230, 148], [226, 136], [192, 130], [202, 80], [198, 75]]}, {""label"": ""a necklace"", ""rect_box"": [228.38, 144.58, 301.52, 206.56], ""polygon"": [[294, 151], [252, 168], [233, 191], [232, 199], [245, 179], [255, 169], [282, 159]]}, {""label"": ""the water"", ""rect_box"": [-0.0, 142.34, 450.0, 286.98], ""polygon"": [[0, 148], [0, 284], [449, 284], [448, 150], [320, 146], [323, 195], [366, 251], [303, 209], [288, 259], [246, 268], [221, 166], [187, 159], [166, 211], [168, 139], [148, 162]]}, {""label"": ""the water"", ""rect_box"": [0.02, 73.38, 450.02, 287.43], ""polygon"": [[0, 75], [0, 284], [449, 284], [449, 75], [202, 76], [194, 128], [248, 136], [255, 88], [290, 83], [365, 248], [302, 208], [251, 268], [221, 165], [186, 158], [170, 196], [176, 76]]}, {""label"": ""bracelet"", ""rect_box"": [181.24, 81.22, 194.34, 99.52], ""polygon"": [[181, 81], [184, 85], [184, 99], [185, 98], [185, 95], [186, 94], [186, 92], [188, 89], [188, 83], [186, 83], [184, 81]]}, {""label"": ""his arms"", ""rect_box"": [301.87, 150.13, 368.18, 256.46], ""polygon"": [[315, 173], [308, 180], [303, 194], [306, 210], [322, 231], [342, 249], [361, 251], [361, 243], [350, 240], [336, 224], [320, 194]]}]"
9043.jpg	"[{""label"": ""- a woman"", ""rect_box"": [121.99, 194.46, 150.04, 265.8], ""polygon"": [[133, 196], [135, 206], [127, 223], [126, 240], [121, 255], [130, 261], [144, 262], [145, 256], [139, 222], [141, 203], [139, 199]]}, {""label"": ""ancient chamber a gothic architectural style"", ""rect_box"": [0.01, 68.74, 449.99, 280.9], ""polygon"": [[0, 75], [0, 248], [108, 254], [135, 194], [144, 240], [280, 248], [285, 281], [331, 282], [337, 142], [391, 105], [449, 264], [449, 75]]}]"
9269.jpg	"[{""label"": ""the content"", ""rect_box"": [0.02, 0.98, 450.01, 359.19], ""polygon"": [[134, 210], [135, 210]]}, {""label"": ""- lists the names"", ""rect_box"": [144.86, 68.48, 338.09, 288.08], ""polygon"": [[320, 280]]}, {""label"": ""names"", ""rect_box"": [145.18, 68.74, 337.59, 287.78], ""polygon"": [[320, 280]]}]"
998.jpg	"[{""label"": ""a valley a vast canyon"", ""rect_box"": [-0.05, 105.7, 449.94, 287.45], ""polygon"": [[50, 257]]}, {""label"": ""- a large group of people"", ""rect_box"": [196.42, 195.96, 318.74, 262.85], ""polygon"": [[308, 202], [290, 207], [263, 200], [229, 219], [204, 227], [200, 241], [207, 248], [230, 256], [264, 253], [276, 258], [311, 218]]}]"
