Filename,Caption
1.jpg,"on in India, issued to a movie. The certificate bears the serial number 19582 and is dated November 12, 2015. The film has been rated as ""U"" for universal audience and is a Hindi language movie. The production company is Shanshaji Productions, Mumbai, India, and the certificate is signed by the Chairman, Bhanu Athriya, and the Executive Producer, Rahul Athriya."
1136.jpg,"d a row of old-fashioned cannons.

The soldiers are positioned behind the cannons, with one soldier in the center in a different stance and with his hand outstretched. The cannons are situated to the right of the frame. In the background, there are two mountains with a pink sunset behind them, creating a sense of drama. 

The mood is dark and intense, and it appears to be a still from a movie, but the exact nature of the scene is not clear."
1255.jpg,"o I can't provide that information. The image features a large figure of a warrior dressed in chainmail, black clothing, and a helmet. He is holding a curved sword, with his right hand holding the hilt and his left hand holding the bottom part of the sword. 

The warrior is in the middle of a group of soldiers, and to his right are six soldiers dressed in helmets and mail, some of whom have swords. The background is a hazy sky at dusk or dawn, which adds to the mysterious and intense atmosphere of the scene."
1354.jpg,"d, wearing a reflective helmet.

The figure, positioned centrally in the frame, appears to be in a medieval or fantasy setting, clad in medieval attire and chainmail, suggesting a historical or dramatic context."
1458.jpg,"of soldiers amidst a crowd of people.

The soldier's attire is intricately detailed, featuring long, wide sleeveless tunic, armor, and a helmet. A dark cape hangs from their shoulders. They hold a shield with a handle. The background is a sea of people. The scene has a sense of tension and anticipation, possibly depicting a battle or skirmish. The overall atmosphere is intense, with a sense of movement and energy."
1655.jpg,"nd, the woman stands on the right, her long dark hair cascading down her back. She wears a gold chain necklace with a pendant that hangs low down, around the center of her chest, and her right hand rests on the man's shoulder, her long index finger extending over his shoulder, which she is leaning against. She gazes down with her left arm folded on top of his shoulder, holding the nape of his neck. The man, with his back to the camera, has short hair, and is wearing a white shirt with a sheer overlay.

The background, though out of focus, appears to be a room with beige walls and large windows."
1850.jpg,"an is wearing a white wedding dress and has a white veil over her head, covering her hair and neck. She is positioned on the left side of the image and appears to be moving her arms.

The background of the image is filled with ornate designs on the walls, and a wall of candle sconces, suggesting a luxurious setting. A fountain can be seen on the right side of the image, adding to the opulent atmosphere."
2058.jpg,round of the scene with his mouth slightly open.
2296.jpg,"d brown, is situated on the right side of the image, facing to the left. Its head is turned to the left, and a person is riding on its back, possibly a man.

In the background, there are people dressed in traditional clothing, with some wearing turbans and holding weapons. The architecture in the scene appears to be old-fashioned, with buildings visible in the background.

The overall atmosphere suggests a historical or cultural event or celebration, possibly related to a festival or procession. The presence of the horse and people dressed in traditional attire adds to the sense of cultural significance and tradition."
2447.jpg,"other in an interior setting. The woman is adorned with jewelry and a traditional Indian hairstyle, while the man sports a red patterned neck covering with a black cloak and a helmet, suggesting they are dressed for a ceremonial occasion."
2650.jpg,"mns standing behind him. The man is shirtless and wears white pants, holding a small object in his hand as he stands atop a stone platform. A single candelabra on the right side of the image adds to the ambiance of the scene."
283.jpg,
2880.jpg,"a lavish room characterized by intricate patterns and ornate columns. The woman, dressed in a white gown, is positioned centrally in the frame, while the background features a grand hallway with a doorway, flanked by two large stone columns adorned with decorative carvings. The room is illuminated by soft lighting, creating an air of mystery and intrigue."
3163.jpg,"egantly styled in a high bun. Her back is turned towards a wall adorned with ornate glass panels, where a chandelier casts a warm glow."
3337.jpg,"and head coverings. Their arms are extended and legs kicked up in front of them, and their faces are not visible, as their heads are down, likely focusing on their movements. 

The room has a large, domed ceiling with ornate decorations along the inner rim, pillars that separate the circular area where the women dance, and large archways on either side of the room."
3541.jpg,"ige long-sleeved top with a white sleeve and a long, flowing skirt or pants. He wears a thick, beaded gold necklace around his neck and a red, white and gold headdress on his head, adorned with a gold crown on top. His attire is rich and ornate, with intricate details suggesting he is of high status. He sits on a chair, appearing to be in a large, ornately decorated room with a balcony in the background."
3773.jpg,"She is dressed in a white, floor-length garment with gold detailing and is touching a burgundy clutch purse with her fingers adorned with gold jewelry. The background of the image appears to show a dimly lit room with multiple lights along the top of the background, which appears to be made up of red curtains with many lit, white, circular lights."
3973.jpg,"rious and contemplative expression suggests a somber mood, with her dark attire and head covering adding to the overall sense of gravity and solemnity. The dark background creates a mysterious and ominous atmosphere, drawing attention to the woman's introspective and emotional state."
4203.jpg,"atterns, surrounded by a luxurious room filled with gold. He wears an elaborate crown on his head and is adorned with multiple gold necklaces, exuding an air of nobility and grandeur. Behind him, a decorative chandelier, candles, and an intricately patterned wall create a rich and regal atmosphere."
4373.jpg,"all with ornate details and a chandelier.

The central character, standing in a white and brown costume with a mask and sword, appears to be at the forefront of a group of people in white, red, and black clothing, all facing him. The room behind him is filled with a crowd of people, while light enters through open flaps on either side of a large tent-like structure, bathing the scene in a warm, golden light."
4492.jpg,"etting. The individuals are dressed in traditional Indian attire, wearing white and black tops and red head coverings, and some are in motion, suggesting a sense of movement or chaos. 

In the background, a chandelier hangs from the ceiling, adding to the atmosphere of a grand, open space. The overall mood of the scene is intense and action-packed, with a sense of energy and urgency."
4667.jpg,"nguage, with an Indian aesthetic.

On the right side of the image is a woman with a purple veil and gold jewelry. Her face is in profile, and she wears a gold nose ring and a gold headpiece on her forehead. She is wearing a gold necklace and a purple and gold outfit. There is an out-of-focus woman on the left side of the image. She wears a pink and white turban with red and white beads on the edge and a pink and white blouse with floral patterns. Her face is out of focus.

The background is blurry but appears to be a gray wall made of brick.

In the image, the focus is on the two women, with the woman on the right wearing gold jewelry and the woman on the left wearing a pink and white turban and a pink and white blouse. The blurry background suggests that the scene is set in an indoor environment, possibly a palace or a cultural setting. The overall atmosphere of the image is one of luxury and opulence, with the intricate details of the women's attire and jewelry creating a sense of grandeur."
485.jpg,"woman in the foreground is adorned with multiple gold necklaces, featuring a long chain and multiple round gold chains, complemented by large gold earrings and a gold nose ring. Her hair is styled in a high bun, secured by a gold band. She wears an orange and green sari with intricate patterns and designs on the bodice, which is partially visible under a green and gold scarf draped over her shoulder.

Behind her, other similarly dressed women stand in a line, with two of them wearing matching hair styles to hers, a long braid tied up on top of their heads with a white floral accessory. The background features a white wall with a chandelier hanging from it."
4898.jpg,"ece of fabric, with her left hand partially visible as she reaches toward an outstretched hand, possibly a man's hand, in the background."
5044.jpg,"n palace. The woman on the left wears a striking red and black head covering and top, complemented by a flowing white dress adorned with lace, as she looks towards the bottom of the steps. The woman on the right, partially hidden behind her companion, wears a white dress and gazes off into the distance, her presence subtly alluded to by her hand and part of her body peeking out from the edge of the frame.

The staircase itself is flanked by pillars and decorative railings, leading down to the right, creating a sense of depth and grandeur. Beyond the pillars, the image fades to black, drawing the viewer's attention to the women and the opulent setting. The atmosphere is somber and mysterious, with the women appearing to be descending into the darkness, suggesting a story of intrigue and adventure waiting to unfold."
5191.jpg,"ituated on the left, has a shaved head and wears a white lace top, his right arm wrapped around the woman in a warm embrace. The woman, positioned on the right, has long dark hair and wears a light, lacy white top, her back facing the camera. On the left side of the image, a torch with a burning flame is held in a hand, casting a warm glow on the scene."
5389.jpg,
5629.jpg,
5869.jpg,"tional attire, including a white long-sleeved shirt and a pearl necklace.

He grasps a silver ring in his left hand, and various pockets and pouches adorn his front. The man has been cropped in from the bottom left, leaving a portion of a dark wood-paneled wall behind him.

In the background, three groups of men stand to the right of the subject. They wear white robes and have various accessories, with one group of four men situated at the back, a larger group of five men in the middle, and a smaller group of two men in the back right. The atmosphere is set against the backdrop of a wooden wall."
6121.jpg,"rs, with spears held by some and helmets atop their heads, all dressed in white uniforms.

The woman, facing away from the camera, wears a long white dress with a wide black belt, her bonnet with a wide ribbon tucked under her hair, and what appears to be a short plume or feather extending behind the ribbon. She stands on a dirt road or square, surrounded by the carriage, a horse, and several men, some of whom are holding spears and wearing tall helmets.

In the background, two other buildings are visible, set against a cloudy sky. The overall atmosphere of the image suggests a scene from a historical or period drama movie, possibly set in ancient India."
615.jpg,"swords, shields, and bows, with helmets and armor adorning their heads and bodies. In the foreground, two warriors hold swords and bows, with a warrior with a bow standing between them, while another warrior brandishes a spear behind them. The background features a cloudy sky with a fiery glow, suggesting a battle or war scenario. The overall atmosphere is intense and action-packed."
6402.jpg,"the end of a dimly lit room with three dark green walls adorned with gold writing. The woman is positioned in front of a doorway, with a black background."
6514.jpg,"swords and torches. The courtyard is surrounded by a building with arches, and the atmosphere is dark and foreboding, with the use of torches casting flickering shadows on the walls. The figures are dressed in traditional Indian attire, adding to the cultural authenticity of the setting. Overall, the image conveys a sense of tension and drama, hinting at a pivotal moment in the story."
6693.jpg,"ick. The woman is dressed in all-white attire, with her face prominently visible as she stares directly into the camera. Her facial expression suggests a sense of determination, and she is gazing into the distance, conveying a sense of focus or intensity.

In the background, there are blurry objects that appear to be buildings or structures, which are out of focus. The overall atmosphere of the scene is somber and intense, with the woman's stern expression and the dimly lit environment contributing to a dramatic tone."
6900.jpg,"od in her hands. The woman's attire is a striking red and gold sari, adorned with intricate details that suggest a sense of elegance and cultural heritage. 

The room behind her appears to be well-appointed, with a large wall featuring a decorative design on the right side. Candles are visible in the background, casting a warm glow that adds to the ambiance of the scene. In the foreground, the woman holds a plate of food, which seems to be the focal point of the image. The overall atmosphere is one of refinement and culture, suggesting that the image may be from an Indian movie or promotional material."
7168.jpg,"e women are dressed in colorful saris and are arranged in a line, with some standing in the foreground and others in the background. The woman in the foreground is positioned in the center of the image, with her body facing to the left and her head turned towards the camera. She is holding a white object in both hands, which appears to be a torch or a prop.

In the background, a large building with a staircase and arches can be seen, providing a sense of depth and context to the scene. The overall atmosphere suggests a cultural or religious event, possibly a festival or celebration, given the festive clothing and the torches being held by the dancers.

The image captures a moment of movement and energy, with the dancers' flowing saris and the dramatic lighting creating a sense of dynamism and beauty. The woman in the foreground adds a sense of focus and centering to the composition, drawing the viewer's eye towards her."
7270.jpg,"dynamic pose with arms raised, surrounded by an audience in a dimly lit room. The atmosphere suggests a lively and vibrant setting, possibly a cultural or entertainment event, with the two women at the center of attention."
7386.jpg,"sed in a white outfit with long sleeves and a long dhoti, which drapes to his feet. His head is shaved, and he sports a pair of glasses and a bowler cap. The background is a picturesque landscape with pillars on either side of the man, featuring ornate architectural details, set against a warm and cloudy sky at sunset."
7595.jpg,"sacred setting.

The woman is attired in a red saree and adorned with gold jewelry, featuring a bindi on her forehead, which is characteristic of Indian culture. Her dark hair is styled in an updo. The man is wearing a green shirt and has his black hair in a ponytail, with his head shaved on one side.

The background of the image is dark, with a blurred structure featuring red and gold colors. Although the specific setting is unclear, it seems to be a temple or a similar sacred location."
761.jpg,atic pose. The woman on the left is dressed in a purple head covering.
7835.jpg,"se of an impending storm with dark clouds and ominous lighting. The courtyard is flanked by tiered rows of seating, and several large buildings and structures are visible, with mountains in the distance shrouded in clouds, setting a dramatic scene."
8011.jpg,"itself is intricate, with visible chainmail and decorative elements, and the sword is ignited at its tip. The man's attire and stance suggest a sense of readiness for battle. In the background, a cage or prison-like structure is visible, adding context to the scene."
8142.jpg,"aditional Indian attire. The individuals are adorned with turbans and robes, and several of them are equipped with weapons such as bows and arrows. They are positioned at varying distances, with some standing closer to the camera and others receding into the distance. The background features a hazy, desert-like landscape with dunes and rocky structures visible in the distance. The overall atmosphere suggests a dramatic or intense scene, possibly depicting a historical or epic event."
8361.jpg,"ad, in a dramatic and intense scene from an Indian movie."
8636.jpg,"y of water stretching out before her. The woman, dressed in a long dress, is positioned centrally in the foreground, while the background features two imposing mountains and a building that stands out against the vast body of water. The sky above is dark, with some bright spots suggesting a clearing storm clouds, adding to the sense of tranquility."
8804.jpg,"e man has a long side-swept ponytail and is wearing a light-colored, sleeveless garment around his neck, suggesting a shirt. The man's left arm is stretched out in front of him, and his right arm is bent and resting on a wooden pole. His face has short dark hair and a dark beard. The woman has dark brown hair tied up in a messy bun, and her back faces the man, and she is wearing a low, white top that reveals her back. 

The background of the scene is blurry, but it appears to be a natural outdoor setting, possibly a field or grassy area. The atmosphere of the image suggests that the scene is from a dramatic or intense moment in a movie."
8924.jpg,"ace turned to the right. The scene exudes a sense of calmness and serenity.

* A man is standing in the water:
	+ The man's body is facing the camera, with his face turned to the right.
	+ He appears to be standing in a relaxed and comfortable position.
	+ His body language suggests a sense of calmness and serenity.
* The man is shirtless and wearing a necklace:
	+ The man's chest and upper body are exposed, with no visible shirt or clothing.
	+ A necklace is visible around his neck, adding a touch of elegance to the scene.
	+ The necklace appears to be a simple yet stylish accessory.
* The man is holding something in his right hand:
	+ The object in his right hand is not clearly visible, but it seems to be some kind of object or material.
	+ His right arm is extended, with his elbow slightly bent and his hand grasping the object.
	+ The movement of his arm suggests a sense of fluidity and fluid movement.

Overall, the image conveys a sense of tranquility and serenity, with the man's calm expression and relaxed posture contributing to the peaceful atmosphere. The presence of the necklace adds a touch of sophistication, while the object in his hand remains a mystery, leaving the viewer to wonder what it could be."
9043.jpg,"e. The room's walls, now in disarray, feature tall and narrow windows, while an arched window on the right allows a glimpse of a serene blue sky with white clouds peeking through. The woman, clad in a long dress, walks towards the wall on the right, her dress extending beyond the frame on the left."
9269.jpg,"ckground. The names are organized into three separate blocks, with each block containing multiple lines of text.

The largest block of text in the upper portion of the image lists several names in a column format, possibly featuring credits, and appears to include a first name followed by a last name. The next block down lists several Indian-sounding names, all starting with the letter ""K,"" including the largest name block, which lists the name ""-lists the names"" in a much larger font.

The image's background is primarily dark red and black, creating a striking visual effect."
998.jpg,
1.jpg,"end_header_id|>

The image is a certificate issued by the Central Board of Film Certification in India, indicating that the film has been certified for public exhibition. The certificate includes the certification number, the name of the film, the category, and the duration of the film. The certificate also includes a list of certifying officials, indicating that they have viewed the film and found it to be suitable for public exhibition without any cuts or modifications.<|eot_id|>"
1136.jpg,"end_header_id|>

The image depicts a dramatic scene of several soldiers dressed in traditional military uniforms, positioned alongside several cannons, suggesting a historic battle or military engagement. The dark lighting and cloudy sky create a somber atmosphere, with the faint horizon of hills in the distance adding to the sense of setting. The row of cannons with lit torches, held by some soldiers, contributes to the tense and military context.<|eot_id|>"
1255.jpg,"end_header_id|>

A group of men in armor, some holding weapons, stands behind a central figure, possibly a warrior or commander, with a prominent sword held in their right hand. This individual is attired in a brown tunic and chainmail, complemented by a helmet with a metal crest on top, adding a sense of authority and protection. The surrounding men wear helmets, likely made of metal, and hold swords or other long weapons. 

The background is shrouded in a cloudy haze, and a fiery, red-tinted sky stretches out in the distance. The overall atmosphere evokes a sense of ancient or medieval times, perhaps depicting a battle or scene from a movie.<|eot_id|>"
1354.jpg,"end_header_id|>

The figure in this image appears to be wearing a helmet that appears to be of reflective material, chainmail, and gloves on his right hand. His left hand is raised. He seems to be dressed in medieval attire, specifically wearing armor, chainmail, and a helmet.  The image is dark and dimly lit, making it difficult to discern other details.<|eot_id|>"
1458.jpg,"end_header_id|>

The image features a warrior attired in armor and a helmet, standing prominently in front of a crowd of people. The warrior is dressed in a suit of armor adorned with a helmet, accompanied by a dark cape flowing behind them. In the background, a group of people are gathered, although they are not clearly visible due to the low quality of the image.

The overall atmosphere suggests a cinematic scene, possibly from a movie or a historical drama, with the warrior standing out against the blurred background of the crowd.<|eot_id|>"
1655.jpg,"end_header_id|>

A woman with long dark hair and a gold chain necklace embracing a man with a buzz cut from behind. The man is visible from behind, wearing a cream-colored shirt and facing the woman. His right arm is around her shoulders, and he is looking down, appearing to embrace her in the nape of her neck. 

The woman is visible from the chest up, wearing a white net fabric that appears to be covering her head and neck. She is wearing gold accessories, including a necklace and earrings, and has her eyes closed as if smiling. The background is out of focus but appears to be an indoor setting with a window in the distance.<|eot_id|>"
1850.jpg,"end_header_id|>

The image is a visual depiction of a woman in a traditional Indian wedding dress, adorned in a white wedding dress with a veil, dancing in front of two fountains and a decorative wall with lit candles.

The woman is dressed in a traditional white wedding attire, complete with a long veil that cascades down her back. She is holding a red handkerchief and has her hands and arms raised, as if in motion, suggesting she is dancing.

In the background, two fountains are visible on either side of the image, accompanied by a decorative wall featuring a large, gold-framed design with a lit candle holder behind the woman's head, surrounded by a multitude of small, glowing candles.<|eot_id|>"
2058.jpg,"end_header_id|>

The scene features a man in a white shirt. 

The man is viewed from the chest up, positioned centrally on the left side of the image. He is facing forward, with a calm expression and an unremarkable appearance. His face is shadowed, and only a small amount of light illuminates his features. His short, dark hair is cut close to his head, and he has a short beard. A white shirt covers him, appearing to be a simple t-shirt or collared undershirt. On his right ear, he wears an earbud, but the earpiece appears to be inside his ear.

The background of the scene is blurred, but it seems to be a dark-colored room with what looks like a door behind the man.<|eot_id|>"
2296.jpg,"end_header_id|>

The image shows a scene from a film that appears to be set in India, possibly depicting a traditional or cultural event. 

The image shows a man on horseback in the foreground, possibly in a fight scene. There are numerous people in the background wearing traditional clothing, including turbans, and some are holding what appear to be weapons. In the background there are trees and other buildings, some with flags and banners.<|eot_id|>"
2447.jpg,"end_header_id|>

This image appears to be a still from an Indian movie, depicting two individuals engaged in conversation. The two people in the scene are dressed in traditional Indian attire. The woman, adorned with jewelry, is attired in a vibrant purple and yellow sari, while the man wears a detailed cloak. In the background, a lavish setting is illuminated by numerous chandeliers.<|eot_id|>"
2650.jpg,"end_header_id|>

The scene features a muscular man standing in a dimly lit room, flanked by three tall columns on either side. 

His physique is accentuated by the light, which casts a shadow across his lower body. The man is positioned in front of a stone floor, with a candelabra, a circular container, and a small object situated to his right. To the left, a large stone vase sits against the wall. The walls of the room are crafted from stone, featuring three tall, black columns.<|eot_id|>"
283.jpg,"end_header_id|>

The image is a still from a movie featuring a bald man in a white shirt.

The man is dressed in a traditional white shirt, with a high neckline and a collar that closes with five buttons. The white fabric of the shirt is embellished with intricate thread patterns along the edges of the collar and shoulders. The man's facial expression is neutral, and he has a slight frown on his forehead. 

In the background, lights are visible to the left of the man, and the light source comes from the right side of the image. The background also features a wall that appears to have a decorative element on it.<|eot_id|>"
2880.jpg,"end_header_id|>

The image depicts a woman in a white dress standing in front of a doorway in a dimly lit room. The woman is positioned centrally, wearing a long, flowing white garment that drapes elegantly around her. Her dark hair is pulled back, and she holds a long, thin object in her hand, which may be a sword or cane. The doorway behind her appears ornate, featuring a distinctive rounded archway.

To the left of the image, two columns rise from the floor to the ceiling, adding to the sense of grandeur and opulence in the scene. The background is shrouded in darkness, but the presence of a bed with a vibrant patterned cover, candles, and other elements suggests a luxurious setting.

Overall, the image evokes a sense of mystery and intrigue, with the woman's enigmatic pose and the ornate surroundings creating a captivating atmosphere.<|eot_id|>"
3163.jpg,"end_header_id|>

The image presents a visually stunning setting, with the ornate walls and intricate patterns creating a regal atmosphere. The woman, seated on the throne, stands out in a striking blue and gold dress, adorned with a headpiece, exuding elegance and poise. The overall setting is characterized by opulence and grandeur, evoking a sense of majesty and refinement.<|eot_id|>"
3337.jpg,"end_header_id|>

The image showcases a majestic interior space, characterized by a high ceiling and ornate decorations, where a group of women are engaged in a dynamic dance performance, dressed in elaborate attire, with their arms extended upward in a circular motion. The room is adorned with decorative features, including a wall-mounted object with a round shape and a smaller, rectangular shape above it, situated on the curved, semi-circular wall behind the women. The atmosphere is lively and festive, suggesting a celebration or performance taking place within this opulent setting.<|eot_id|>"
3541.jpg,"end_header_id|>

The image depicts a man sitting in a seated position within a building that is richly decorated in the Indian style. He wears an intricate and colorful outfit that is traditional to India. 

His attire is a rich tan shirt with long sleeves and a high neckline, paired with a long, loose tan skirt. A large red turban adorns his head, featuring a gold design on top. The turban is secured with a thick, red ribbon tied in the front. 

The room's decor is equally opulent, featuring a chair with upholstery, a red cloth on a low table, an ornate mirror and picture on a wall, and a white shelf.<|eot_id|>"
3773.jpg,"end_header_id|>

A woman dressed in a flowing white dress adorned with intricate gold jewellery kneels on a vibrant red rug, with her hands folded in a gesture of reverence. The woman's hands are adorned with gold bracelets, and she holds a small red purse or bag. The scene is illuminated by soft, warm lighting, creating a sense of intimacy and contemplation. The atmosphere is one of quiet devotion and reflection, evoking a sense of peace and serenity.<|eot_id|>"
3973.jpg,"end_header_id|>

The image depicts a woman attired in dark, traditional Indian clothing, characterized by a black hijab and a shawl draped over her shoulders, which covers her head and neck, concealing the majority of her hair. Her dark attire is complemented by a headpiece that adorns her forehead and upper hairline.

The woman's facial expression is serious and contemplative, with her brow furrowed and her eyes directed forward. Her gaze appears to be directed off-camera, as if focused on a distant point.

In the background, the dimly lit space appears to be a room with a grayish hue. The overall atmosphere is somber, with the only visible object in the frame being the woman herself.<|eot_id|>"
4203.jpg,"end_header_id|>

The image appears to be a still from a movie, showcasing a dignified individual dressed in a red robe adorned with gold accents and a crown on their head. The man's long, gray beard adds to their regal appearance, while they sit in a throne made of wood, which is partially obscured by a black frame. The dark and warm-toned background is complemented by a chandelier, candles, and a mirror on the right, contributing to the luxurious atmosphere. The overall mood is opulent, evoking a sense of wealth and nobility.<|eot_id|>"
4373.jpg,"end_header_id|>

A group of people, likely soldiers, in what appears to be a tent, is running towards the camera. One soldier is leading the charge and appears to have a helmet, and some are carrying rifles. Another soldier is wearing a large white outfit with red accents on the chest. Many of the soldiers have white pants, and some are wearing red head gear, and many are wearing long-sleeved shirts, likely black.<|eot_id|>"
4492.jpg,"end_header_id|>

The image depicts a scene from an Indian movie, showcasing a group of men dressed in traditional attire, including red head coverings and long white pants. The men are positioned in the center and on the right side of the image, with some bending forward as if in motion.

In the background, a large, low-hanging chandelier hangs down in the center, and the walls and ceiling of the room are visible behind the men. The scene appears to be set in a crowded space, with many people present, although most are not in focus.

The image has a sepia tone, suggesting a historical or period-specific setting, possibly from an Indian movie from a few decades ago. The overall atmosphere is one of movement and activity, with the men's bent posture conveying a sense of energy and dynamism.<|eot_id|>"
4667.jpg,"end_header_id|>

The image depicts a scene featuring two individuals, a man and a woman, adorned in elaborate attire. The woman is positioned on the right side of the image and is dressed in a purple and gold outfit, complemented by jewelry and a matching headpiece. She is turned slightly towards the left, while the man, wearing a red turban, is partially visible on the left side of the image and is also turned towards the left. The image is cropped, obscuring the rest of the subjects and the background, creating an air of mystery.<|eot_id|>"
485.jpg,"header_id|>

The image presents a captivating scene of four women, dressed in traditional Indian attire, adorned with vibrant orange and green saris, and donning a variety of gold jewelry pieces. The woman at the front of the group, with her hair styled in a traditional bun, adds to the regal ambiance of the setting. In the background, three other women are also dressed in similar attire, creating a sense of unity and cohesion among the group.<|eot_id|>"
4898.jpg,"end_header_id|>

A woman is shown in traditional attire, consisting of a blue sari and a maroon top, with her long black hair down. Her facial expression is blurred, making it unclear. She is reaching out towards someone off-camera, possibly to hand them an object, which is visible but blurry.

To the right, the arm of a person in gold jewelry can be seen in focus, but the exact details are not clear due to the blurriness. The woman's face and the person's hand in focus are in sharp focus, while the background is blurred and indistinct. The overall effect suggests a dramatic or intense moment in the scene.<|eot_id|>"
5044.jpg,"end_header_id|>

The image captures a woman in a white dress ascending the steps of a grand, ornate structure.

The woman's attire consists of a white dress with a black shawl draped over her shoulders. She ascends the wide steps, which are flanked by a series of slender columns and feature a row of red and gold patterned curtains to her right. In the background, a row of three people can be seen standing behind an intricately carved wall.

The atmosphere of the scene suggests a nighttime setting, with the woman's attire and the dim lighting creating a dramatic and mysterious ambiance.<|eot_id|>"
5191.jpg,"end_header_id|>

The image captures a poignant moment of intimacy between two figures, who stand facing each other, their backs to the viewer. The man's dark hair is closely cropped, and he gazes downwards, as he gently holds the woman's head in his hands. The woman, donning a stunning white lace dress, has long dark hair and faces away from the camera, her long locks cascading down her back. 

To the left of the pair, a large, ornate torch with a flame stands upright, set against a backdrop of a dark room with an arched wall. The soft, warm lighting casts a romantic ambiance, and the overall mood of the image exudes a sense of tender affection and warmth.<|eot_id|>"
5389.jpg,"end_header_id|>

The image features a man wearing a turban and a white shirt, standing in front of a crowd. 

To the right of the foreground man, a close-up shot of a white shirt can be seen, but the details are too blurry to discern. 

In the background, the blurred figures of several people wearing white, beige, and pink clothing are visible, suggesting a social gathering or event.<|eot_id|>"
5629.jpg,"end_header_id|>

The image features a woman in traditional Indian wedding attire, adorned with a veil that covers her head, showcasing her rich cultural heritage.<|eot_id|>"
5869.jpg,"end_header_id|>

The image appears to be from an Indian film scene. 

A bald, fair-skinned man, wearing white traditional Indian clothing and two long pearl necklaces, is holding a drink to his mouth with his right hand, which is adorned with a white bracelet. He has two rings on his right hand. Two men are visible in the background, one on the left wearing a white robe with a sash and pearl necklace, and another on the right wearing a white robe with a red sash and a necklace around his neck. 

The background features a dark wood wall and other men in white robes, creating a solemn atmosphere, suggesting the image is from a formal or ceremonial event.<|eot_id|>"
6121.jpg,"end_header_id|>

The image depicts a woman standing before a horse-drawn carriage, with a group of soldiers standing behind her. The woman is dressed in a long white dress and a dark bonnet, and is shown from behind. She faces away from the carriage, which is white with brown wheels and has a driver wearing a helmet and uniform.

To the left of the image, four soldiers in helmets and uniforms stand to the left, two holding long, tall spears. 

In the background are several additional buildings and an overcast sky.

The scene may depict a period scene from an Indian movie.<|eot_id|>"
615.jpg,"end_header_id|>

A battle scene with two armored individuals holding bows, possibly swords, are shown in this image. The person on the left is dressed in brown armor with chainmail and a metallic face mask, holding a bow, a black quiver of arrows and possibly a sword. On the right, the soldier has a rounder head, a more rounded metal mask, and a shield.

In the background, a blurry image of an old wooden carriage or ship is visible, with other soldiers surrounding it. The atmosphere of the image suggests a battle scene. The background is a cloudy sky with what appears to be a curved line, or a ring in the sky, adding to the sense of drama and intensity of the scene.<|eot_id|>"
6402.jpg,"end_header_id|>

The image depicts a woman standing in a dark room, wearing traditional Indian attire and a red shawl draped around her waist. 

She has her back to the viewer and is facing three large, light green doors adorned with intricate gold designs and text, likely in an Indian language. The woman appears to be looking at them, suggesting that she is preparing to enter the room. The atmosphere of the image is mysterious and inviting, with the woman's traditional attire and the ornate doors creating a sense of cultural richness.<|eot_id|>"
6514.jpg,"end_header_id|>

The image depicts a scene set in a large, ornate building with numerous windows and doors. The atmosphere is set ablaze by several torches lit on stands around the room. Groups of people, clad in traditional Indian attire, are gathered throughout the space, while some individuals carry swords, as seen in the bottom left. The ornate architecture suggests a historical or cultural context.<|eot_id|>"
6693.jpg,"end_header_id|>

The image depicts a woman wearing a white headscarf, grasping a wooden stick in her right hand. She has dark eyes, a neutral expression, and her skin appears to be deeply tanned. Her headscarf drapes elegantly over her shoulders, and she has a small portion of her chest and upper arm visible.

In the background, the atmosphere seems dark and rainy, with grayish-black curtains creating a mysterious ambiance. To the left, a portion of a person wearing a white top is visible, although their face is not seen.

The overall scene is set against a backdrop of an open area, with the woman standing prominently in the center, her expression a study in poise and resilience amidst the somber surroundings.<|eot_id|>"
6900.jpg,"end_header_id|>

The woman in the image appears to be enjoying a slice of cake or pie, as evidenced by the presence of the food and the visible fork in her right hand. She is wearing traditional Indian attire, specifically a red and gold sari.

In the background, there are other people visible, although their faces are not clearly discernible. The lighting in the room is dim, with only small sections of the room illuminated by light sources, creating a sense of intimacy and warmth.<|eot_id|>"
7168.jpg,"end_header_id|>

A woman in a traditional Indian sari walks in the center of a large room, with many other women in the background wearing colorful saris. 

The woman in the foreground wears a dark purple sari with an off-the-shoulder sleeve, while the women in the background wear various colored saris. They are all adorned with lights around their necks and appear to be holding them in their hands. They are dancing and appear to be following the woman in the foreground, in a circular formation. They form an 'L' shape in the background to the woman, to her left, and to her right.

The background is a large, well-lit building with a staircase, and there is a wall with a large window to the far-left side of the image.<|eot_id|>"
7270.jpg,"end_header_id|>

The image depicts two women in traditional Indian attire, adorned in red saris with intricate gold accents, dancing together in a lively setting. They have their hair styled in a classic updo, complemented by green bangles on their wrists and arms, which are raised above their heads in a fluid, dynamic pose. The woman on the left wears a purple sari with gold accents, while the woman on the right wears a red sari with gold accents, both showcasing the traditional Indian style of the dancers.

In the background, a crowd of people is visible, although they are out of focus. The room is dimly lit, with several lights shining down, adding to the energetic ambiance. The overall atmosphere suggests a joyful and celebratory mood, with the dancers and the audience lost in the moment of revelry. The image captures the vibrant spirit of the scene, highlighting the beauty of traditional Indian culture and the joy of communal celebration.<|eot_id|>"
7386.jpg,"end_header_id|>

A man wearing a white traditional dress stands in front of ornate columns, grasping a bow. 

He appears to be leaning forward, with the bow held in both hands, and his face is visible as he looks to his left. The man is wearing a long, white, flowing garment that covers the traditional attire. He has a shaved head and a short beard.

The sky is orange and cloudy, and an indistinct line of buildings can be seen in the distance.<|eot_id|>"
7595.jpg,"end_header_id|>

The image depicts a still from an Indian movie, featuring a woman and a man in the foreground, both facing left.

The woman, positioned on the left, is attired in a red saree and adorned with a necklace, nose ring, and earrings, her dark hair styled in a bun with a gold pin holding her hair in place. She appears to be looking down, gazing at an unseen individual.

The man, situated on the right, is wearing a green shirt with yellow trim and has a shaved head, with a black braid visible, which is tied back and hanging down his right shoulder. He is also looking down at the unseen figure. In the background, a red wall is visible, along with a blurry stone pillar.<|eot_id|>"
761.jpg,"end_header_id|>

The image presents a poignant moment between two women, one of whom is adorned in traditional Indian attire and jewelry, standing in a grand, dimly lit room.

The woman on the left wears a pink-hued hijab, while the woman on the right is dressed in a vibrant purple sari complemented by gold jewelry, and a nose ring. The background of the image showcases a spacious room with high ceilings, columns, and a balcony, illuminated by lanterns and other sources of light. The atmosphere is one of elegance and sophistication, suggesting a formal or special occasion.<|eot_id|>"
7835.jpg,"end_header_id|>

The image is a cinematic view of a large stone structure with a crowd of people seated in front of it. The building appears to be a large, ancient structure with a courtyard in the center, and a mountainous background. 

The crowd, which appears to be hundreds strong, is seated in three rows on stone steps that face toward a large white wall with a central opening. The building's architecture is reminiscent of Indian or South Asian design with a reddish-brown tile roof. It has several large buildings surrounding a courtyard, and there are a few towers or domes on the buildings to the right and center-right. There are flags flying from the buildings and towers, and the background includes mountains and a cloudy sky.<|eot_id|>"
8011.jpg,"end_header_id|>

The image depicts a man clad in ancient-looking armor, wearing a helmet with a long, pointed crest and a bearded visage. He grasps a lit sword in his right hand, poised to strike, while his left hand is empty. The man's attire features intricate golden, ornate designs on the chest and biceps.

In the background, a small fire crackles in front of the warrior, casting flickering shadows. Above the warrior, an ornate structure with a lattice pattern adorns the top left corner. The overall atmosphere of the image evokes a sense of historical significance, with the man's regal appearance and the warm, golden lighting creating a dramatic and intense mood.<|eot_id|>"
8142.jpg,"end_header_id|>

A crowd of individuals are dressed in traditional Indian attire, with some adorned in turbans and robes, showcasing a vibrant and richly textured scene. The majority of the crowd appears to be clad in black or brown robes, with some individuals wearing turbans and armed with bows and other weapons. They are situated in an area with a light-colored background and a mountainous terrain in the distance.<|eot_id|>"
8361.jpg,"end_header_id|>

The image depicts a woman standing in the rain, wearing a black top or skirt, and sporting long hair. She appears to be experiencing rainwater pouring down on her face and hair, creating a somber and melancholic atmosphere. The overall mood of the scene is one of somberness and melancholy, evoked by the image of the woman standing in the rain.<|eot_id|>"
8636.jpg,"end_header_id|>

The photograph depicts a woman standing on a beach, gazing out at a serene body of water surrounded by majestic mountains, as the sky above is shrouded in a dark blue hue.<|eot_id|>"
8804.jpg,"end_header_id|>

A man with a shaved head, sporting a thick, bushy beard and moustache, stands on the left side of the image, his body turned to the right as he gazes at a woman beside him. The man is shirtless, with a thin silver necklace adorning his neck and a small loop of fabric hanging across his chest, possibly from the shoulder of a white top. His dark eyes are focused intently on something ahead.

To the right of the man, a woman with dark hair styled in a braided bun is dressed in a white top with one visible sleeve and what appears to be a draping over her left shoulder. The background is slightly blurred, suggesting an outdoor setting, possibly with hills or mountains in the distance, but it is too indistinct to discern with certainty.<|eot_id|>"
8924.jpg,"end_header_id|>

A shirtless man with dark hair and a beard is shown from the waist up, standing in water, appearing to be moving forward while holding a barre above his head. He has his eyes closed and wears a necklace and a bracelet on his right wrist. He may also be holding an object that is out of the frame. The water is light blue-gray and grayish-green.<|eot_id|>"
9043.jpg,"end_header_id|>

The image shows a haunting scene set in a mysterious, ancient chamber, reminiscent of a Gothic architectural style. In the foreground, a solitary woman stands within the dimly lit room, her long dress elegantly flowing around her, evoking an air of solemnity. The chamber itself is a testament to the past, its stone walls bearing the weight of history, with ancient columns and archways that seem to stretch towards the sky.

As the eye moves towards the background, a breathtaking view unfolds, with a large arched window allowing the natural world to seep in, revealing a serene and dramatic sky at dusk or dawn. The sky above is a canvas of blue and gray, with clouds drifting lazily across it, punctuated by the faint outlines of trees visible through the window's latticework.

The overall atmosphere of the scene is one of melancholy and contemplation, as if the woman's presence in this chamber has brought a moment of stillness to a world that is both ancient and timeless. The contrast between the somber architecture and the beauty of the natural world outside creates a sense of balance and harmony, inviting the viewer to ponder the mysteries of the past and the present.<|eot_id|>"
9269.jpg,"end_header_id|>

This image appears to be a cinematic credit sequence from an Indian movie, featuring a list of names and credits. 

In the foreground, a list of names is presented in yellow on a red background, accompanied by a list of smaller names below it, also in yellow. The text is arranged in a column, likely representing cast and crew credits. 

The background of the image is divided into three sections: a black top section, a red middle section, and a black bottom section, with a faint, indistinct pattern visible in the red section.<|eot_id|>"
998.jpg,"end_header_id|>

The image depicts a vast canyon with a dirt path winding through the middle, flanked by jagged rock formations on either side.

A group of people is seen walking along the path in the center of the image, forming a somewhat rectangular shape with their bodies.

The background shows the hazy, orange glow of the sky, with the horizon line visible on the right side.<|eot_id|>"
